transcript,topic,lda
it s never ever too late to introduce a new healthy habit into your life and it s never too late to stop an unhealthy habit either and you don t have to be perfect just doing these habits a few times a week is better than not doing them at all but before i talk about the habits i want to quickly thank for sponsoring today s video and they are the perfect sponsor for today s video because has been a daily habit of mine for a few years now i have aging one every morning even when i m traveling i have the travel packs as well and it s a way for me to get my nutrition first thing in the morning it has vitamins minerals and whole food sourced ingredients in fact a lot of you have written to me and told me how you can t take a lot of supplements but you were able to take without getting an upset stomach and that you really notice the difference so this is kind of just everything jam packed into one nutritional beverage so what i like about that is that i don t have to take many different supplements i just take this and i know that i m covered it supports our immune health our brain health our hormonal health our energy levels our liver health i d like to take it about or minutes before i eat my breakfast in the morning and i just take one scoop in a glass of water shake it up stir it up and drink it i really like the taste in fact i kind of crave it in the mornings just because i ve had it for so long and you can click my link down below in the description to get a year s supply worth of vitamin d plus five travel packs for free with your purchase of ag and vitamin d is really important for a healthy immune system so it s great to take along with your but let s move on to some other healthy habits i love so i guess i can start at the beginning of my day and then tell you the habits that i like to do throughout the day,ag1,never ever late introduce new healthy habit life never late stop unhealthy habit either perfect habit time week better talk habit want quickly thank sponsoring today video perfect sponsor today video daily habit mine year aging one every morning even traveling travel pack well way get nutrition first thing morning vitamin mineral whole food sourced ingredient fact lot written told take lot supplement able take without getting upset stomach notice difference everything jam packed one nutritional beverage take many different supplement take know covered support immune health brain health hormonal health energy level liver health take minute eat breakfast morning take one scoop glass water shake stir drink taste fact crave morning long click link description get year supply worth vitamin plus five travel pack free purchase vitamin important healthy immune system great take along let move healthy habit love guess start beginning day tell habit throughout day
and now i m making my i wanted to say this portion of today s video one of my overarching goals for which i m going to talk about in my next video more like the goals and resetting and everything i want to give my body more of what it needs and i want to behave in the way that the ideal version of me would act before i make decisions or do things or decide not to do things i want to think to myself would the version of me that i want to become do this or not and getting in my daily nutrients is something that the version of me that i want to become would definitely do quite frankly i don t really know how to do that on my own i don t know exactly what nutrients i need i don t know how much of them that i need so that is why is a godsend this is next gen and it s clinically shown to support gut health and fill in common nutrient gaps with over ingredients including five probiotic strains some health benefits include gut health energy immune support and daily nutrients which i again like i said definitely am not getting enough of and something that i love about and why i trust them is that they rigorously test their formula for hundreds of contaminants and impurities to guarantee they re delivering the highest quality nutrients available if i m going to put it in my body i want it to be good check out i m going to have a qr code on the screen and i m going to have a link in the description and for a limited time only if you go to drinkag com hannahleece you ll get a free duffel bag and a free welcome kit with your first subscription order this is only while supplies last so if you re interested in this offer don t wait qr code on the screen link in the description thank you so much to for sponsoring this portion of today s video,ag1,making wanted say portion today video one overarching goal going talk next video goal resetting everything want give body need want behave way ideal version would act make decision thing decide thing want think would version want become getting daily nutrient something version want become would definitely quite frankly know know exactly nutrient need know much need godsend next gen clinically shown support gut health fill common nutrient gap ingredient including five probiotic strain health benefit include gut health energy immune support daily nutrient said definitely getting enough something love trust rigorously test formula hundred contaminant impurity guarantee delivering highest quality nutrient available going put body want good check going code screen going link description limited time drinkag com hannahleece get free duffel bag free welcome kit first subscription order supply last interested offer wait code screen link description thank much sponsoring portion today video
a shaker a year supply of vitamin d k plus five extra travel packs thanks again to for sponsoring this video and for making my morning habits a little more fun,ag1,shaker year supply vitamin plus five extra travel pack thanks sponsoring video making morning habit little fun
and that is why we like having as our nutritional safety net we ve been drinking for a long time it s a daily health drink with plus ingredients and probiotics and it s clinically shown to support gut health and fill common nutrient gaps i take it in the morning usually before lunch i just take about ounces of cold water add one scoop and literally that s it it s one of the easiest habits that we ve stuck with and it feels really great knowing that we ve done something supportive for our bodies even on lighter days like today so through our link you get a free flavor sampler agz sampler free vitamin d plus k and an welcome kit when you first subscribe thanks so much to for sponsoring today s video let s get back to the day of eating so i am going to have my,ag1,nutritional safety net drinking long time daily health drink plus ingredient probiotic clinically shown support gut health fill common nutrient gap take morning usually lunch take ounce cold water add one scoop literally one easiest habit stuck feel great knowing done something supportive body even lighter day today link get free flavor sampler agz sampler free vitamin plus welcome kit first subscribe thanks much sponsoring today video let get back day eating going
i am so excited to be working with and i know i don t include a ton of lifestyle in my typical favorites videos but is a product that i ve actually been using for years and i m excited to be working with them this is so cool one of the things i really like about eg and how i kind of like think of this as actually a beauty product is that this promotes healthy and clearer skin and it also promotes healthier nails and hair which i think is so cool there s also adaptogens and b vitamins to support sustained energy concentration and mental performance without the caffeine crash that you typically would get from coffee in every single serving of there are vitamins and minerals stress adaptogens pre and probiotics antioxidants superfoods and mushrooms and this also helps with digestive support you want to make sure you keep your in the fridge i also think the flavor is really nice and light um it has pineapple core vanilla beans and there s never any added sugar or artificial sweeteners i m going to have a link in my description box where with your first purchase of you ll get a free year supply of ag vitamin d and k and five travel packets of all right starting off with some skincare so i have upgraded to the full size,ag1,excited working know include ton lifestyle typical favorite video product using year excited working cool one thing think beauty product promotes healthy clearer skin also promotes healthier nail hair think cool also adaptogens vitamin support sustained energy concentration mental performance without caffeine crash typically would get coffee every single serving vitamin mineral stress adaptogens pre probiotic antioxidant superfoods mushroom also help digestive support want make sure keep fridge also think flavor nice light pineapple core vanilla bean never added sugar artificial sweetener going link description box first purchase get free year supply vitamin five travel packet right starting skincare upgraded full size
good morning everyone i m about to mix up my i like to drink this first thing in the morning before i have coffee or breakfast this is a really awesome product you ve heard me talk about it for quite a few years i love that in just one scoop of i m getting vitamins minerals and whole food sourced ingredients so much easier to drink this than to take like a whole handful of pills which is what you d have to take to get this many vitamins minerals and everything that you re getting with just one scoop so if you re trying to spring clean out your supplement cabinet trying to simplify things down i would highly recommend trying this out this scoop of has a lot of benefits as well it helps with energy immune health your gut health healthy brain and mood this is giving me prebiotics probiotics and plant based enzymes there s just a lot packed in here and i mix it with water shake it up it s ready to go just something very simple that i can do every day for my health it s easy to take on the go too a lot of times i ll just mix this up and head out the door or i will take travel packs i have quite a few different travel packs in my cabinet if you want to try out you can get a bunch of free stuff with my link as usual you ll get a free container with a scoop a free shaker bottle free travel packs and also a bottle of vitamin d plus k that all comes free in your welcome kit with your first subscription order thank you to for being a long term sponsor of hannah s happy home,ag1,good morning everyone mix drink first thing morning coffee breakfast awesome product heard talk quite year love one scoop getting vitamin mineral whole food sourced ingredient much easier drink take whole handful pill take get many vitamin mineral everything getting one scoop trying spring clean supplement cabinet trying simplify thing would highly recommend trying scoop lot benefit well help energy immune health gut health healthy brain mood giving prebiotics probiotic plant based enzyme lot packed mix water shake ready something simple every day health easy take lot time mix head door take travel pack quite different travel pack cabinet want try get bunch free stuff link usual get free container scoop free shaker bottle free travel pack also bottle vitamin plus come free welcome kit first subscription order thank long term sponsor hannah happy home
today but first we re going to take a minute to talk about the sponsor of this video we ve been hearing a lot about over the past couple years but it really didn t sink in how much people like it until our friend nick who watched this channel hi nick said you need to try so we said fine we ll try it because sarah and i are so relaxed on our diet that we thought we re definitely missing some key nutrients in there brings vitamins minerals and whole food sourced ingredients probiotics stress adaptogens and mushrooms supports the immune system promotes healthy hair and nails supports the microbiome supports mental clarity and promotes healthy aging and we need that because we re approaching now surprisingly enough one of the benefits that sar and i saw almost right away is after we started taking it we started drinking significantly less coffee throughout the day and if you guys watch our channel you know that sarah and i usually live on coffee and now sarah and i only have a couple of cups of coffee a day which is totally abnormal for us but our energy is still the same is gluten and dairyfree paleo vegan and keto friendly and it tastes good this is coming from me i m serious it tastes good if you re ready to try you re going to get some special goodies with your order you re going to get one year of these d plus k vitamin drops and some single serving packets for on the go make sure to use our special link listed,ag1,today first going take minute talk sponsor video hearing lot past couple year sink much people friend nick watched channel nick said need try said fine try sarah relaxed diet thought definitely missing key nutrient brings vitamin mineral whole food sourced ingredient probiotic stress adaptogens mushroom support immune system promotes healthy hair nail support microbiome support mental clarity promotes healthy aging need approaching surprisingly enough one benefit sar saw almost right away started taking started drinking significantly less coffee throughout day guy watch channel know sarah usually live coffee sarah couple cup coffee day totally abnormal energy still gluten dairyfree paleo vegan keto friendly taste good coming serious taste good ready try going get special goody order going get one year plus vitamin drop single serving packet make sure use special link listed
the one daily habit that i actually stick with yeah it s kind of bad like i try to take up so many things and i swear like of them i fail out but they make it easy and delicious so it s yeah that s like saying oh yeah i keep up with my daily habit of watching television what a hero i am mornings could be chaotic but make it simple you put a scoop from here while the bag goes in there for storage you take a scoop you put it from there into the bottle what s wrong with my brain sometimes it s a bottle and you shake it up and then you drink it vitamins minerals and whole food source nutrients in one go no pills no complicated routines it s an interesting one like my wife takes vitamin pills and she s always like i don t like swallowing these big pills it s really uncomfortable like you should get some and i should probably give her some because she really doesn t like pills are okay for me i can choke down those pills no problem i mean obviously having is better but there s plenty of people out there who just don t like pills who can t just swallow pills easily look for me has been great t s easy it just fits into your routine just perfectly it s smooth it s slightly sweet it s got of pineapple vanillary vibes which is nice it doesn t taste like grass you might think this looks like grass does not taste like grass just to be absolutely clear try for yourself use the link in the description,ag1,one daily habit stick bad try take many thing swear fail make easy delicious saying keep daily habit watching television hero morning could chaotic make simple put scoop bag storage take scoop put bottle wrong brain sometimes bottle shake drink vitamin mineral whole food source nutrient one pill complicated routine interesting one wife take vitamin pill always swallowing big pill uncomfortable get probably give pill choke pill problem mean obviously better plenty people pill swallow pill easily look great easy fit routine perfectly smooth slightly sweet got pineapple vanillary vibe nice taste grass might think look grass taste grass absolutely clear try use link description
why i love electrolytes is actually sponsored by a brand that you all have heard me talk about for such a long time and that is electrolytes is so special to me sas a sponsor of this channel because it s not only an awesome product and a brand that i really love but elen is actually crucial for me to stay scomfortable when i m hiking and backpacking i have chronic migraines and what that means is that i m basically dealing with chronic pain all the time sit s definitely manageable and like it s not always debilitating but one of the big triggers for me for migraines is sdehydration when i am exercising when i m sweating that is almost guaranteed to give me a migraine and that is where comes in my opinion smakes the best flavors of electrolyte drink mixes that i have ever had and on top of that it s not just that they staste good it s also that this is the only electrolyte mix that i have ever tried that actually works so well and so quickly to help me stay hydrated i am so grateful that i ve been such a huge sponsor of my channel for so long and if you want you can actually get a free ssample pack of eight of elements electrolyte drink mix flavors when you place an order for one of the electrolyte drink mixes with the link sbelow that link is drink com miranda goes outside so place an order there get your free sample pack and i shope love it just as much as i do and if you are curious about the way that sponsorships work the entire video isn t sponsored our sponsors are only you guys know we love this product we drink it all the time it is magic in a little packet is a tasty electrolyte drink mix with everything that you need and nothing that you don t that means lots of salt with no sugar contains a science backed ratio of milligrams of sodium milligrams of potassium and milligrams of magnesium she didn t even pour me a cup i honestly though nothing compares to this brand of electrolytes so reached out to us and they are offering our viewers our keto twin fam a sample pack containing one of each of their flavors so that you can try and pick out which one you like the most all you have to do is pay shipping so click on the link in the description below to get your sample pack of elements the reason why you need electrolytes uh during your ketogenic journey especially during the beginning of it is because when you re switching into ketosis you lose a lot of water and in that water are your electrolytes throws off your electrolyte balance pretty much and you need to replace it somehow i didn t know about this years ago i didn t know that the keto flu was that,lmnt,love electrolyte sponsored brand heard talk long time electrolyte special sponsor channel awesome product brand love elen crucial stay scomfortable hiking backpacking chronic migraine mean basically dealing chronic pain time sit definitely manageable always debilitating one big trigger migraine sdehydration exercising sweating almost guaranteed give migraine come opinion smakes best flavor electrolyte drink mix ever top staste good also electrolyte mix ever tried work well quickly help stay hydrated grateful huge sponsor channel long want get free ssample pack eight electrolyte drink mix flavor place order one electrolyte drink mix link sbelow link drink com miranda outside place order get free sample pack shope love much curious way sponsorship work entire video sponsored sponsor guy know love product drink time magic little packet tasty electrolyte drink mix everything need nothing mean lot salt sugar contains science backed ratio milligram sodium milligram potassium milligram magnesium even pour cup honestly though nothing compare brand electrolyte reached offering viewer keto twin fam sample pack containing one flavor try pick one pay shipping click link description get sample pack reason need electrolyte ketogenic journey especially beginning switching ketosis lose lot water water electrolyte throw electrolyte balance pretty much need replace somehow know year ago know keto flu
when your body recovers and repairs today s video is sponsored by hydration isn t just about drinking water it s about drinking water and electrolytes it makes sense because you lose both sodium and water when you sweat both water and electrolytes need to be replaced and replenished to help prevent things like muscle cramps dehydration headaches fatigue and energy dips that can result from low electrolytes and dehydration since the s we ve been told to drink eight glasses of water per day whether we re thirsty or not thirst is the way our body regulates blood volume and fluid balance when you need more fluids you get thirsty and when you drink plain water beyond thirst it dilutes your blood electrolyte levels and when you drink plain water beyond thirst it dilutes blood electrolyte volume especially your sodium levels which can lead to some nasty consequences unfortunately since low sodium symptoms can mimic dehydration symptoms people often get confused and tend to drink more water which only exasperates the problem with mig of sodium mg of potassium and mig of magnes museum has the perfect science fact formula to help move the needle towards your goals you re also guaranteed to find a flavor that you love is offering you all my subscribers a free sample packet with any order that s eight single serving packets with any order as long as you use the link below so make sure you guys click the link below drink com chrismo that s d r i n k l m nt com,lmnt,body recovers repair today video sponsored hydration drinking water drinking water electrolyte make sense lose sodium water sweat water electrolyte need replaced replenished help prevent thing muscle cramp dehydration headache fatigue energy dip result low electrolyte dehydration since told drink eight glass water per day whether thirsty thirst way body regulates blood volume fluid balance need fluid get thirsty drink plain water beyond thirst dilutes blood electrolyte level drink plain water beyond thirst dilutes blood electrolyte volume especially sodium level lead nasty consequence unfortunately since low sodium symptom mimic dehydration symptom people often get confused tend drink water exasperates problem mig sodium potassium mig magnes museum perfect science fact formula help move needle towards goal also guaranteed find flavor love offering subscriber free sample packet order eight single serving packet order long use link make sure guy click link drink com chrismo com
when you re out here sweating like i do you re not just losing water you re losing electrolytes muscle cramps low energy headaches those can often be signs of an electrolyte imbalance that s where today s sponsor comes into play it s a zero sugar mix of sodium potassium and magnesium no junk just what your body actually needs now i like all the flavors but my go to flavor is citrus salt just a forewarning these salt sticks pack a punch on most light rides i would just use half a stick but on big heavy days i ll go full send keeping electrolytes replenished can make a big difference in how you feel go to drinkelement com skills to get a free sample pack with any order again that s drinklement com skills if you don t absolutely love it pass it off to a salty friend and they will give you a full refund no question asked and with this message from our sponsor out of the way let s gear back up and hit the trails,lmnt,sweating losing water losing electrolyte muscle cramp low energy headache often sign electrolyte imbalance today sponsor come play zero sugar mix sodium potassium magnesium junk body need flavor flavor citrus salt forewarning salt stick pack punch light ride would use half stick big heavy day full send keeping electrolyte replenished make big difference feel drinkelement com skill get free sample pack order drinklement com skill absolutely love pas salty friend give full refund question asked message sponsor way let gear back hit trail
today s video is sponsored by is a tasty electrolyte drink mix with everything you need and nothing you don t so none of the junk and lots of salt no sugar no coloring no artificial ingredients no gluten no fillers no bs electrolytes are responsible for hundreds of functions in the body including hydration water alone is not enough is formulated to help everyone and anyone with their electrolyte means with a science back formula of a thousand milligrams of sodium milligrams of potassium and milligrams of magnesium can help prevent and eliminate things such as headaches sleeplessness muscle cramps fatigue which can be common symptoms of electrolyte deficiency right now is offering my subscribers that s you a ree sample packet with any order this is a great way to try all eight flavors or share with a salty friend get yours at drinkelement com forward slash christie irmo this deal is only available through my link linked below,lmnt,today video sponsored tasty electrolyte drink mix everything need nothing none junk lot salt sugar coloring artificial ingredient gluten filler electrolyte responsible hundred function body including hydration water alone enough formulated help everyone anyone electrolyte mean science back formula thousand milligram sodium milligram potassium milligram magnesium help prevent eliminate thing headache sleeplessness muscle cramp fatigue common symptom electrolyte deficiency right offering subscriber ree sample packet order great way try eight flavor share salty friend get drinkelement com forward slash christie irmo deal available link linked
this video is is a tasty electrolyte drink mix with everything you need and nothing you don t as an athlete staying hydrated is key but it s not just about water electrolytes are responsible for hundreds of functions in the body and we need the right balance of electrolytes to keep our body s performing at its best each packet contains a science back ratio of mig of sodium mig of potassium and mig of magnesium which is perfect for replenishing what we lose through sweat during our intense workouts and the best part there s no sugar no gluten and no artificial ingredients meaning it s perfect for anyone on a low carb or ketogenic diet whether you re an athlete a weekend warrior or just someone looking to stay hydrated and healthy elements got you covered it s formulated by experts and trusted by some of the top performers in the world is always in my bag whether i m packing for a trip or i m just headed to the gym wherever i m headed i m sure to have an packet with me is offering you all my subscriber a free sample pack with any order so you can try all eight flavors or share with a salty friend this deal is only good through my link so click the link below drink com,lmnt,video tasty electrolyte drink mix everything need nothing athlete staying hydrated key water electrolyte responsible hundred function body need right balance electrolyte keep body performing best packet contains science back ratio mig sodium mig potassium mig magnesium perfect replenishing lose sweat intense workout best part sugar gluten artificial ingredient meaning perfect anyone low carb ketogenic diet whether athlete weekend warrior someone looking stay hydrated healthy got covered formulated expert trusted top performer world always bag whether packing trip headed gym wherever headed sure packet offering subscriber free sample pack order try eight flavor share salty friend deal good link click link drink com
this portion of today s video it was actually my husband kieran that introduced me to and when he did i was in is a tasty electrolyte drink that is full of everything you need and is not full of everything you do not need and what sets apart from other electrolyte drinks and brands is that they believe the more salt the better and you might think salt and be like salt yes salt when you sweat and move your body the main electrolyte that you lose is actually sodium and let me tell you i am a mom of five i m constantly sweating and moving my body ll day so whether you re an athlete or a mom and dad is going to work for you the electrolyte ratio and is backed up by science mig of sodium mig of potassium and mig of magnesium there are hundreds of functions through the body that need electrolytes for them to work to its fullest we re talking about nutrient absorption hydration keeping that in the body using it properly nerve impulses even just the ability for your body to regulate hormones i also love there s no junk or fillers in here there is no uh excess sugar coloring right now is offering you guys my viewers a free sample pack with any purchase this is a great way for you to try some more extra flavors that you might want to have just constantly on the go or go ahead and share it with a friend go to drink com sarat teres it will,lmnt,portion today video husband kieran introduced tasty electrolyte drink full everything need full everything need set apart electrolyte drink brand believe salt better might think salt salt yes salt sweat move body main electrolyte lose sodium let tell mom five constantly sweating moving body day whether athlete mom dad going work electrolyte ratio backed science mig sodium mig potassium mig magnesium hundred function body need electrolyte work fullest talking nutrient absorption hydration keeping body using properly nerve impulse even ability body regulate hormone also love junk filler excess sugar coloring right offering guy viewer free sample pack purchase great way try extra flavor might want constantly ahead share friend drink com sarat teres
is a tasty electrolyte drink mix with everything you need and nothing you don t as an athlete staying hydrated is key but it s not just about water electrolytes are responsible for hundreds of functions in the body and we need the right balance of electrolytes to keep our bodies performing at their best each packet of contains a science backed ratio of milligrams of sodium milligrams of potassium and milligrams of magnesium which is perfect for replenishing what we lose through sweat during those intense workouts and the best part there s no sugar no gluten and no artificial ingredients meaning it s perfect for anyone on a low carb or even a ketogenic diet whether you re an athlete a weekend warrior or just someone looking to stay hydrated and healthy has got you covered it s formulated by experts and trusted by some of the top performers in the world is always in my bag whether i m packing for a trip or just headed to the gym wherever i m headed i m sure to have an packet with me is offering you guys my subscribers a free sample pack with any drink mix order that s eight single serving packets with any order,lmnt,tasty electrolyte drink mix everything need nothing athlete staying hydrated key water electrolyte responsible hundred function body need right balance electrolyte keep body performing best packet contains science backed ratio milligram sodium milligram potassium milligram magnesium perfect replenishing lose sweat intense workout best part sugar gluten artificial ingredient meaning perfect anyone low carb even ketogenic diet whether athlete weekend warrior someone looking stay hydrated healthy got covered formulated expert trusted top performer world always bag whether packing trip headed gym wherever headed sure packet offering guy subscriber free sample pack drink mix order eight single serving packet order
this is the citrus salt from and i love their electrolytes i drink one every single day i usually have the raw unfiltered one with a little bit of fresh lemon in the mornings i obviously don t have any lemons here so i need to buy those but their electrolytes are so good and they don t have any sugar in them there s a lot of different flavors and there s mg of sodium mg of potassium and mg of magnesium but it s really important to make sure that you re getting your electrolytes because if you re deficient you might experience some symptoms like fatigue muscle cramps soreness and headaches like there s honestly quite a few things that you can feel if you are deficient these ones taste amazing so huge this video and they actually gave me a discount code to share with you guys and you can get eight free sample packets with your order so you can try all the flavors which is really cool but you go to drinkelement com babhay and again when you place your order you ll get eight free sample packets it s also nice to be able to share some with your friends,lmnt,citrus salt love electrolyte drink one every single day usually raw unfiltered one little bit fresh lemon morning obviously lemon need buy electrolyte good sugar lot different flavor sodium potassium magnesium important make sure getting electrolyte deficient might experience symptom fatigue muscle cramp soreness headache honestly quite thing feel deficient one taste amazing huge video gave discount code share guy get eight free sample packet order try flavor cool drinkelement com babhay place order get eight free sample packet also nice able share friend
i m going to take a minute to tell you about who have kindly sponsored today s video so is a tasty electrolyte drink mix with everything you need and nothing you don t that means a lot of salt with no sugar it contains a science backed electrolyte ratio of milligrams of sodium milligrams of potassium and milligrams of magnesium electrolytes are important because i do intermittent fasting so i m always thinking about replenishing my electrolytes in a safe way i love the flavors for there s chocolate raspberry salt watermelon salt and orange salt sometimes if i m doing a really long extended fast i ll do the unflavored version right now is offering my viewers a free sample pack with any order that s eight single serving packets free with any order this is a great way to try all eight flavors or share with a salty friend so get yours at drinkelement com forward slash daily c this deal is only available through my link so go to d r i n k l m n t dot com forward slash daily c and this video,lmnt,going take minute tell kindly sponsored today video tasty electrolyte drink mix everything need nothing mean lot salt sugar contains science backed electrolyte ratio milligram sodium milligram potassium milligram magnesium electrolyte important intermittent fasting always thinking replenishing electrolyte safe way love flavor chocolate raspberry salt watermelon salt orange salt sometimes long extended fast unflavored version right offering viewer free sample pack order eight single serving packet free order great way try eight flavor share salty friend get drinkelement com forward slash daily deal available link dot com forward slash daily video
we do talk about because we absolutely love their electrolytes and i think some of you guys have tagged them in our content because they finally reached out to us and decided to sponsor this video so let me tell you a little bit about is a tasty electrolyte drink with everything that you need and nothing that you don t that means lots of salt with no sugar is formulated to help anybody with their electrolyte needs and is perfectly suited to folks following a keto diet contains a science backed electrolyte ratio milligrams of sodium milligrams of potassium and milligrams of magnesium for a limited time our keto twins family can get a sample pack of for just the cost of shipping each sample pack contains seven packets of each a different flavor the offer is limited to one time per customer so click the link in our description to get your sample packet today thanks so much to for sponsoring this video,lmnt,talk absolutely love electrolyte think guy tagged content finally reached decided sponsor video let tell little bit tasty electrolyte drink everything need nothing mean lot salt sugar formulated help anybody electrolyte need perfectly suited folk following keto diet contains science backed electrolyte ratio milligram sodium milligram potassium milligram magnesium limited time keto twin family get sample pack cost shipping sample pack contains seven packet different flavor offer limited one time per customer click link description get sample packet today thanks much sponsoring video
a big this portion of today s video there s not a day that goes by that my husband and i are not enjoying not only is it a delicious electrolyte drink but it contains everything you need and nothing that you don t for example it contains a science backed electrolyte ratio which is mg of sodium mg of potassium and mg of magnesium and on top of that it contains no sugar gluten artificial ingredients or fillers it s just all the good stuff this is what you want right here you might be asking yourself why so much sodium and the reason for that is when you sweat maybe you re like me you re a mama you re busy you re moving around all the time when you sweat the main electrolyte that you are losing is sodium and it needs to be replaced and is going to help your body do that there are numerous functions in the body where electrolytes are extremely important for those to work well we re talking nutrient absorption hormonal regulation and even just hydration can help you with electrolyte deficiency maybe you re experiencing things like headaches fatigue sleepiness or muscle cramps can help you prevent that so whether you re an olympic athlete a navy seal or a stay at home mom is here to help you i love their citrus salt it is such a good flavor but i also love orange salt a dear place in my heart as well as my husband s these are amazing to drink cold but if you re into something a little bit warmer for this cooler time of year they have a limited edition chocolate medley that you are meant to take warm and is so nice to have for those cold mornings or to get you going before bed at night right now is offering my viewers a free sample pack with any order that s eight single serving packs that are free it s a great way to share the salt love or just keep it for yourself and try some more flavors get yours at drinkelement com slash seratrees that s drink l m n t dot com,lmnt,big portion today video day husband enjoying delicious electrolyte drink contains everything need nothing example contains science backed electrolyte ratio sodium potassium magnesium top contains sugar gluten artificial ingredient filler good stuff want right might asking much sodium reason sweat maybe mama busy moving around time sweat main electrolyte losing sodium need replaced going help body numerous function body electrolyte extremely important work well talking nutrient absorption hormonal regulation even hydration help electrolyte deficiency maybe experiencing thing headache fatigue sleepiness muscle cramp help prevent whether olympic athlete navy seal stay home mom help love citrus salt good flavor also love orange salt dear place heart well husband amazing drink cold something little bit warmer cooler time year limited edition chocolate medley meant take warm nice cold morning get going bed night right offering viewer free sample pack order eight single serving pack free great way share salt love keep try flavor get drinkelement com slash seratrees drink dot com
a lot of people assume therapy is only for when something is wrong but that s really not the case sometimes it s just about having someone neutral to talk to someone who isn t your friend your partner or your family member someone who can help you process things objectively maybe you re dealing with everyday life stress work pressure parenting challenges relationship questions or big decisions or maybe you re actually doing fine overall but you just want tools to manage life better therapy can help with things like communication boundaries emotional awareness and just understanding yourself a little bit deeper that s another thing i appreciate about it kind of normalizes the idea that therapy can be part of everyday self care just like going to the gym or taking care of your physical health you can also check in on your mental and emotional health and the convenience factor really makes a difference with you can message your therapist schedule video sessions or even do phone calls depending on what works best for you so if you re someone who prefers talking face to face you can do video if you re someone who s more comfortable just talking on the phone while walking or sitting somewhere quiet you can do that too and for people who process things better by writing you can even send messages it gives you a lot of flexibility i think that flexibility is huge for women who are constantly balancing a lot of responsibilities because sometimes the hardest part of getting help is just finding the time and energy to start also keep in mind that therapist availability does vary,betterhelp,lot people assume therapy something wrong case sometimes someone neutral talk someone friend partner family member someone process thing objectively maybe dealing everyday life stress work pressure parenting challenge relationship question big decision maybe fine overall want tool manage life therapy thing communication boundary emotional awareness understanding little bit deeper another thing appreciate normalizes idea therapy part everyday self care going gym taking care physical health also check mental emotional health convenience factor make difference message therapist schedule video session even phone call depending work best someone prefers talking face face video someone comfortable talking phone walking sitting somewhere quiet people process thing writing even send message give lot flexibility think flexibility huge woman constantly balancing lot responsibility sometimes hardest part getting finding time energy start also keep mind therapist availability vary
i wanted to say a quick today s video i m actually so excited that is sponsoring this very video because part of the story is about therapy and mental health and i think it s safe to say that i wouldn t be who i am today in overcoming anxiety episodes and panic attacks and stuff without the help of a trained professional to help me understand my mind will assess your needs and match you with your own licensed professional therapist and you can start communicating within hours it s not a crisis line and it s not self help it s actually professional counseling done securely online there s a really broad range of expertise in s plus counselor network which may not be locally available in many areas the service is available for clients worldwide and you can log into your account anytime and send a message to your counselor you ll get timely and thoughtful responses plus you can schedule weekly video or phone sessions and they re committed to facilitating great therapeutic matches so they make it easy and free to change counselors if needed it s actually more affordable than traditional offline counseling and financial aid is available wants you to start living a healthier and happier life today so make sure to go to com slash mayuko that s better h e l p and join the over million people taking charge of their mental health with the help of an experienced professional they re actually giving a special offer for all of my subscribers so you can get off your first month at com slash mayuko,betterhelp,wanted say quick today video excited sponsoring video part story therapy mental health think safe say today overcoming anxiety episode panic attack stuff without trained professional understand mind assess need match licensed professional therapist start communicating within hour crisis line self professional counseling done securely online broad range expertise plus counselor network may locally available many area service available client worldwide log account anytime send message counselor get timely thoughtful response plus schedule weekly video phone session committed facilitating great therapeutic match make easy free change counselor needed affordable traditional offline counseling financial aid available want start living healthier happier life today make sure com slash mayuko join million people taking charge mental health experienced professional giving special offer subscriber get first month com slash mayuko
but today i want to give you just an update and tell you a little bit more about the series i m doing before we get into that i want to thank today s sponsor who is i ve said this before i m a big believer in therapy i believe that therapy needs to be normalized and it needs to be way more accessible and way more common for people i started doing therapy with a licensed professional therapist almost two years ago and it has changed my life it is not a crisis line it is a place where you can go to find a good therapist finding a good therapist is kind of hard especially when you only have the options in your city is an online thing it s remote you can browse thousands of therapists and choose one and then if you don t really fit with the therapist which is a very common thing you can easily switch to another one for free no calling your insurance and figuring out who s in network and that whole debacle that is just sort of when you are already looking for therapy you don t want to be stressing out about finding a therapist it s super easy to sign up within hours you could be talking to a professional i really believe in therapy and believe that is doing a good job trying to make therapy more accessible so there s a link in my description com johnnyharris when you click that link it helps support this channel but it also gives you off your first month at you can try it out and see if it works for you thank you for supporting this channel and for supporting the journalism i m doing here in cyprus,betterhelp,today want give update tell little bit series get want thank today sponsor said big believer therapy believe therapy need normalized need way accessible way common people started therapy licensed professional therapist almost two year ago changed life crisis line place find good therapist finding good therapist hard especially option city online thing remote browse thousand therapist choose one fit therapist common thing easily switch another one free calling insurance figuring network whole debacle already looking therapy want stressing finding therapist super easy sign within hour could talking professional believe therapy believe good job trying make therapy accessible link description com johnnyharris click link support channel also give first month try see work thank supporting channel supporting journalism cyprus
an online therapy platform that makes getting support easier go to com skidkids for off your first month after any injury i ve had the most difficult part is always the change in lifestyle not being able to go in the water for over a month has been way more challenging than i expected that s when i realized physical healing is only half the battle and the mental part can hit just as hard therapy helped me understand that those setbacks are temporary and there s plenty of work i can do to expedite healing and spend time on other interests that i normally would it was nice to be able to talk to a therapist who helped me focus on things to look forward to rather than grieve what had been lost with you can get matched with a licensed therapist who listens and gives you helpful unbiased advice all online you can even switch therapists anytime at no extra cost in alone over people used their hsa or fsa benefits for therapy through if you ve been hitting some bumps in the road you re not alone check out com skidkids or click the link in my description to get off your first month now back to the video,betterhelp,online therapy platform make getting support easier com skidkids first month injury difficult part always change lifestyle able water month way challenging expected realized physical healing half battle mental part hit hard therapy helped understand setback temporary plenty work expedite healing spend time interest normally would nice able talk therapist helped focus thing look forward rather grieve lost get matched licensed therapist listens give helpful unbiased advice online even switch therapist anytime extra cost alone people used hsa fsa benefit therapy hitting bump road alone check com skidkids click link description get first month back video
for sponsoring this video i have a question for all of you is there something in your life that you feel is preventing you from happiness or keeping you from achieving your goals because i have felt that way i felt really weighed down and really heavy but tried to ignore it and just keep moving on with my life by a lot of stuff that has happened in my past and then i was like maybe i should check out this wonderful thing called therapy i started therapy and my whole entire life changed i started healing a lot of those old wounds i woke up and i was like whoa this is what life feels like no it s not what i ve experienced before this is life this is being present and this is being happy and this is helping me achieve my goals let s talk about it will assist you with your needs and match you with your own professional licensed therapist you can start communicating with your therapist within hours of signing up for is not a crisis line it s not a self help line it is professional counseling done securely online there is a very broad range of expertise in s plus counselor network which may not be locally available in all areas my personal favorite part about is you can log onto your account at any time,betterhelp,sponsoring video question something life feel preventing happiness keeping achieving goal felt way felt weighed heavy tried ignore keep moving life lot stuff happened past maybe check wonderful thing called therapy started therapy whole entire life changed started healing lot old wound woke whoa life feel experienced life present happy helping achieve goal let talk assist need match professional licensed therapist start communicating therapist within hour signing crisis line self line professional counseling done securely online broad range expertise plus counselor network may locally available area personal favorite part log onto account time
now this video today is sponsored by is the leading provider of online counseling which is really counseling for the modern age you can text the counselor or video chat them and over half a million people have actually gotten counseling through them to date now they have different therapists for different purposes and even different goals in life every counselor is licensed and the sign up process will actually give you some questions to determine exactly what you need so they can match you with someone you can text you can live chat you can do a phone call or video chat a counselor worldwide and the pricing for the program is monthly so rather than per session you also get unlimited messaging throughout so if this connected with you guys here today please go ahead and get connected with your professional counselor at the link below slash monk all right guys that s what i ve got on making the next hundred days the best of your life i still believe it is absolutely possible so before you go check out the link below this video and i ll catch you guys in the next video,betterhelp,video today sponsored leading provider online counseling counseling modern age text counselor video chat half million people gotten counseling date different therapist different purpose even different goal life every counselor licensed sign process give question determine exactly need match someone text live chat phone call video chat counselor worldwide pricing program monthly rather per session also get unlimited messaging throughout connected guy today please ahead get connected professional counselor link slash monk right guy got making next hundred day best life still believe absolutely possible check link video catch guy next video
i do want to thank for sponsoring this video one of my mental health goals is to focus more on myself and on my business endeavors and i think one of the best ways that you can achieve healthy mental health habits is by getting a licensed therapist on your side and offers over licensed professionals and their network is amazing you can log in right now and get started in as little as hours and have someone to chat with back and forth in your account now this is not a crisis helpline and it is not self help this is professional therapy so i think it s amazing that this kind of service is available to you you don t have to go into a therapist office and sit in an uncomfortable waiting room you don t have to wait a really long time in order to see whose books are open or who has availability for you taking at least a few weeks to get an appointment you can literally log on to com you can take the quiz and you can be matched up with a therapist today once you ve created your account you can log in and get timely and thoughtful responses from the therapists and if you don t match for whatever reason right off the bat then it is free and easy to change therapists as well so it is a service that is much more effective than i think a traditional office just because you don t have to go in and you don t have the commute financial aid is also available as well so if you want your service and your therapy to come to you i think this is the best way to do it because wants you to start living a happier life today and that is better h e l p,betterhelp,want thank sponsoring video one mental health goal focus business endeavor think one best way achieve healthy mental health habit getting licensed therapist side offer licensed professional network amazing log right get started little hour someone chat back forth account crisis helpline self professional therapy think amazing service available therapist office sit uncomfortable waiting room wait long time order see whose book open availability taking least week get appointment literally log com take quiz matched therapist today created account log get timely thoughtful response therapist match whatever reason right bat free easy change therapist well service much effective think traditional office commute financial aid also available well want service therapy come think best way want start living happier life today
which is ironic because i m already all emotional there is nothing more important than your mental health and that is just a fact so thank you for sponsoring this video that is as in help and we need to normalize this because we could all see a therapist we re going to get a little deep right now but in my personal experience i had never searched for a therapist until i got pregnant this time the beginning was really hard i did not think i needed a tissue for this video it was literally interfering with my everyday life so if there s anything that s interfering with your happiness or preventing you from achieving your goals there is no shame in seeking help when you sign up for you ll actually take a survey and they ll match you with your own licensed professional therapist and you actually don t need to just stick to one you can go through different people to see who is best for you and who you re most comfortable with and since it s virtual in my opinion something about it is not as scary honestly years ago i never thought about it i just didn t know how to even approach it and then in our culture it was not spoken about like mental health and stuff it wasn t until i got pregnant this time that i knew i needed to seek help and because we were in the middle of a pandemic something about doing it online felt even more safe first of all it s also way cheaper than offline counseling that you would do in person and financial aid is available it is not a crisis line it is not self help it is professional counseling done securely online there is a broad range of expertise in s counselor network which is not always available locally i just cannot emphasize enough that i feel that everybody could see a therapist you can switch and change counselors whenever needed you could talk to multiple people and whoever you feel comfortable with is who you continue to see the service is available worldwide so no matter where you re watching from what language you speak or where you are in the world is available to you and you guys can log into your account anytime and send messages to your counselor plus you can schedule weekly calls or video calls and you won t have to actually drive out and sit in the waiting room to see your therapist all in all you guys wants you to start living a happier life today so please visit com slash karina that is as in better h e l p to join the over million people taking charge of their mental health with the help of an experienced professional this is a special offer to you guys my viewers to get off your first month at com slash karina i hope you take this as a sign take this as a sign,betterhelp,ironic already emotional nothing important mental health fact thank sponsoring video need normalize could see therapist going get little deep right personal experience never searched therapist got pregnant time beginning hard think needed tissue video literally interfering everyday life anything interfering happiness preventing achieving goal shame seeking sign take survey match licensed professional therapist need stick one different people see best comfortable since virtual opinion something scary honestly year ago never thought know even approach culture spoken mental health stuff got pregnant time knew needed seek middle pandemic something online felt even safe first also way cheaper offline counseling would person financial aid available crisis line self professional counseling done securely online broad range expertise counselor network always available locally cannot emphasize enough feel everybody could see therapist switch change counselor whenever needed could talk multiple people whoever feel comfortable continue see service available worldwide matter watching language speak world available guy log account anytime send message counselor plus schedule weekly call video call drive sit waiting room see therapist guy want start living happier life today please visit com slash karina join million people taking charge mental health experienced professional special offer guy viewer get first month com slash karina hope take sign take sign
today s sponsor is is help and i ll make sure i put the information right here below here are just a few talking points for their services that i want to make sure i read to you this video if you think you might be feeling depressed stressed anxious or overwhelmed is here to help offers licensed therapists who are trained to listen and help you talk to your therapist in a private online environment at your convenience there is a broad range of expertise in s plus therapist network that gives you access to help that may not be available in your area you can just fill out a questionnaire to help assess your specific needs and then you get matched with a therapist in under hours from there you can schedule secure video and phone sessions plus you can exchange unlimited messages and everything you share is completely confidential you can also request a new therapist at any time for no additional charge join the million plus people who have taken charge of their mental health with an experienced therapist there is even a section where you can record journal entries and i think this is pretty cool that they have this this part is completely confidential as well but you can share these entries with your therapist at any time if you want to so let me know if you re thinking about trying out i have a link in the description box below com slash nikki and if you use that link you can get off your first month a few things that i like about is that you can sign up really easily and i love the idea of being able to switch out your therapist at any time so that s one of the qualities about the company that i really liked a lot so if you guys are interested in trying that those are some of the few highlights so let me know if you are going to try it out all right so back to the video,betterhelp,today sponsor make sure put information right talking point service want make sure read video think might feeling depressed stressed anxious overwhelmed offer licensed therapist trained listen talk therapist private online environment convenience broad range expertise plus therapist network give access may available area fill questionnaire assess specific need get matched therapist hour schedule secure video phone session plus exchange unlimited message everything share completely confidential also request new therapist time additional charge join million plus people taken charge mental health experienced therapist even section record journal entry think pretty cool part completely confidential well share entry therapist time want let know thinking trying link description box com slash nikki use link get first month thing sign easily love idea able switch therapist time one quality company liked lot guy interested trying highlight let know going try right back video
sponsored by today s video and this is such a weird way to include the sponsor is there currently something that s interfering with your happiness or preventing you from achieving your goals assesses your needs and matches you with your own professional licensed therapist is not a crisis line it s not self help it s professional counseling done online with a broad range of expertise which may not be available locally in your area this service is provided worldwide and you can simply log into your account and message your counselor at any time you ll get timely and thoughtful responses and you can actually schedule phone or video sessions whenever you would like so you don t have to sit in uncomfortable waiting rooms with traditional therapy they re also committed to facilitating great therapeutic matches so if you ever feel the need to change your counselor that is free and you can do that at any point if you are looking for affordability is more affordable than traditional offline counseling and they also provide financial aid wants you to start living a better life today so make sure to visit com slash michaela that s better h e l p to get off your first month again today s video i already feel so much better kind of expressing to you guys how every day has definitely not been the easiest given where i m at in college it s not always going to be sunshine and rainbows or you re not always going to go through the best experiences you re going to go through a lot of different emotions and it s always good to be able to talk to someone about it regardless of the situation that you re in or what you re feeling at the time i highly encourage but without further ado let s now get back into the video,betterhelp,sponsored today video weird way include sponsor currently something interfering happiness preventing achieving goal assesses need match professional licensed therapist crisis line self professional counseling done online broad range expertise may available locally area service provided worldwide simply log account message counselor time get timely thoughtful response schedule phone video session whenever would sit uncomfortable waiting room traditional therapy also committed facilitating great therapeutic match ever feel need change counselor free point looking affordability affordable traditional offline counseling also provide financial aid want start living life today make sure visit com slash michaela get first month today video already feel much expressing guy every day definitely easiest given college always going sunshine rainbow always going best experience going lot different emotion always good able talk someone regardless situation feeling time highly encourage without ado let get back video
i want to talk to everyone about which is our paid sponsor for this video after one of my fights in i delivered a message to tell everyone it s so important for men to speak more the biggest motivation for me to say this was obviously a friend of mine who killed himself ricky and also i d been through some experiences myself in the past where i struggled to get through it and i had to go and get therapy myself i had to go and get help myself obviously the impact it s had on my life and everyone else s life has been phenomenal the amount of messages that i ve had from people telling me that they haven t killed themselves because of what i said after a fight means more than winning any fight is a platform which provides you with guided help from an expert the therapist will be a trained mental health specialist there to listen to ask questions and to make you feel better you get to personally pick what therapist suits you you can try them out and see which one you feel comfortable with you don t have to have a clinical mental health issue like depression or anxiety to gain from therapy seeking therapy is actually a sign of self awareness and confidence because you re actively going out there to seek help it s not being a coward coming out and speaking what you really feel and getting it off your chest really is like a weight lifted off your shoulders if you re struggling and think you d benefit from a therapy session click the link in the description or go to com slash paty and you ll receive off your first month of therapy thanks again to our paid sponsor for today s video what they re doing is amazing can t thank them enough for sponsoring the video and getting it out there even more that it s normal to go and get help when you feel like you re struggling with mental issues,betterhelp,want talk everyone paid sponsor video one fight delivered message tell everyone important men speak biggest motivation say obviously friend mine killed ricky also experience past struggled get get therapy get obviously impact life everyone else life phenomenal amount message people telling killed said fight mean winning fight platform provides guided expert therapist trained mental health specialist listen ask question make feel get personally pick therapist suit try see one feel comfortable clinical mental health issue depression anxiety gain therapy seeking therapy sign self awareness confidence actively going seek coward coming speaking feel getting chest weight lifted shoulder struggling think benefit therapy session click link description com slash paty receive first month therapy thanks paid sponsor today video amazing thank enough sponsoring video getting even normal get feel struggling mental issue
perfect segue to today s sponsor i m so grateful that is sponsoring today s video if you re not aware of what is they are an online therapy network where you can have access to plus licensed therapists so i found my therapist through three years ago and one of my favorite things about actually there s two you can have access to your therapist within the first hours and start communicating with them there s video chat and texting which i love within hours my therapist always responds back to my needs and it really feels like someone is there for me in my corner there is no awkward transition for whatever reason which is very common if you don t mesh with the first therapist that you re matched with or the second or the third or fourth or fifth whatever it is because makes it so easy because it s online so if you feel like you don t mesh with a therapist then you can cancel and find someone new finding the right therapist is very important sometimes having the in person interaction and having that awkward goodbye does make breaking up relationships kind of difficult this online relationship with your therapist for me works really well because i feel like that transition is a lot smoother for me to find someone that matches really well for my needs is not a crisis line it is not self help it is professional therapy done securely online and the greatest thing is that the service is available worldwide so though i have my therapist i ve had a relationship with since three years ago i can still have the same relationship with her in hong kong if financial reasons are keeping you from joining they actually have financial aid it s a lot more affordable than traditional therapy and wants you to start living a happier life,betterhelp,perfect segue today sponsor grateful sponsoring today video aware online therapy network access plus licensed therapist found therapist three year ago one favorite thing two access therapist within first hour start communicating video chat texting love within hour therapist always responds back need feel someone corner awkward transition whatever reason common mesh first therapist matched second third fourth fifth whatever make easy online feel mesh therapist cancel find someone new finding right therapist important sometimes person interaction awkward goodbye make breaking relationship difficult online relationship therapist work well feel transition lot smoother find someone match well need crisis line self professional therapy done securely online greatest thing service available worldwide though therapist relationship since three year ago still relationship hong kong financial reason keeping joining financial aid lot affordable traditional therapy want start living happier life
i wanted to let you know magic spoon and i told you guys in the last video i was gonna get my hands on cinnamon here it is and i wanna do a live taste test with you guys so let s do that so in the first video i said my favorite flavor was fruity in the second video i said my favorite flavor was frosted so we re gonna see if cinnamon can beat that okay i feel like frosted is still my number one but this is so close cinnamon is so close to being my number one it s just as sweet as cinnamon toast crunch which is crazy because there s no sugar in it it has a really nice strong cinnamon flavor more than your typical store bought cinnamon toast crunch we also in our latest variety pack got our hands on peanut butter which is another new flavor i m not a huge peanut butter fan but my boyfriend is so here s his text review of the peanut butter flavor so our go to variety pack is peanut butter cinnamon now frosted and fruity so if you guys wanna try a variety pack you can use this code or use the link below and get off your variety packs so thank you magic spoon for sponsoring this video,magic_spoon,wanted let know told guy last video get hand cinnamon live taste test guy let first video said favorite flavor fruity second video said favorite flavor frosted see cinnamon beat feel frosted still number one close cinnamon close number one sweet cinnamon toast crunch crazy sugar nice strong cinnamon flavor typical store bought cinnamon toast crunch also latest variety pack got hand peanut butter another new flavor huge peanut butter fan boyfriend text review peanut butter flavor variety pack peanut butter cinnamon frosted fruity guy try variety pack use code use link get variety pack thank sponsoring video
magic spoon is all of the nostalgic childhood memories that you have but with a grown up twist magic spoon is an incredible cereal that s been upgraded for the st century consumer it s all about that childlike nostalgia but they ve got wholesome ingredients and none of the guilt and this stuff tastes amazing and like i say it s actually good for you this year i ve started taking my health a little bit more seriously we go to the gym i ve been working out i even got a trainer because i m like i m never gonna get stuff done unless i have someone telling me what to do and this dude s like simon you want to eat the protein get more protein in your body and that s what magic spoon does each serving of magic spoon has zero grams of sugar to grams of total protein and to grams of net carbs plus it s only calories per serving there s zero cane sugar corn syrup or sugar alcohols and it s gluten free grain free and made with natural flavors so it s all a bit of a win win really isn t it and let me tell you the flavors are anything but boring we re talking about delicious never boring flavors like cocoa fruity frosted and my favorite peanut butter this one is a gem get that also the cinnamon one plus they also drop new flavors all the time limited edition ones for this month include toasted marshmallow and honey graham it s all extremely delicious stuff and here s the best part you can actually build your own bundle of magic spoon cereal choose from their amazing flavors create your own variety box and have it delivered straight to your door and to make it even better magic spoon has given you guys a special discount code just use the code shadows at checkout and you get five dollars off so click the link in the description box below or go to magicspoon com shadows to start building your own bundle of deliciousness and remember to add the limited edition toasted marshmallow and honey graham flavors to your order before they re gone thanks to magic spoon,magic_spoon,nostalgic childhood memory grown twist incredible cereal upgraded century consumer childlike nostalgia got wholesome ingredient none guilt stuff taste amazing say good year started taking health little bit seriously gym working even got trainer never get stuff done unless someone telling dude simon want eat protein get protein body serving zero gram sugar gram total protein gram net carbs plus calorie per serving zero cane sugar corn syrup sugar alcohol gluten free grain free made natural flavor bit win win let tell flavor anything boring talking delicious never boring flavor cocoa fruity frosted favorite peanut butter one gem get also cinnamon one plus also drop new flavor time limited edition one month include toasted marshmallow honey graham extremely delicious stuff best part build bundle cereal choose amazing flavor create variety box delivered straight door make even better given guy special discount code use code shadow checkout get five dollar click link description box magicspoon com shadow start building bundle deliciousness remember add limited edition toasted marshmallow honey graham flavor order gone thanks
but first magic spoon my literal favorite cereal of all time yes compared to your regular grocery store bought cereal cereal is one of those foods that i could literally eat and not stop it s one of my favorite breakfast things but also dessert snack time like cereal and my all time favorite thing about magic spoon not just that it tastes as good as any other cereal i ve ever tried but it has grams of protein per serving let me just give you the stats actually it is gluten free grain free soy free and sugar free so zero grams of sugar or grams of protein and only four grams of net carbs per serving and it s so good this flavor frosted is my all time favorite when we get variety packs we love getting frosted fruity chocolate and peanut butter there are so many good flavors to choose from so if you wanna try out magic spoon you can use this discount code to get off a variety pack and make sure you use the link in the description because it ll take you right there thanks magic spoon for sponsoring this video,magic_spoon,first literal favorite cereal time yes compared regular grocery store bought cereal cereal one food could literally eat stop one favorite breakfast thing also dessert snack time cereal time favorite thing taste good cereal ever tried gram protein per serving let give stats gluten free grain free soy free sugar free zero gram sugar gram protein four gram net carbs per serving good flavor frosted time favorite get variety pack love getting frosted fruity chocolate peanut butter many good flavor choose try use discount code get variety pack make sure use link description take right thanks sponsoring video
magic spoon that tastes like a doughnut as you guys know i eat a lot on this channel and a lot of the food is not that healthy so while i m not filming i really try to balance out my life by eating a lot of healthy food and this cereal is perfect for me guys look magic spoon first of all it s delicious second of all it does not have any sugar zero grams of sugar it only has three grams of net carbs per serving and it has grams of protein per serving so it s a lot of protein low carb no sugar we love those for us hello also each serving is only calories there are four flavors cocoa blueberry fruity and frosted i ve only tried this one so far and it slayed me i m gonna try all these other flavors right now by the way they re also gluten free grain free soy free keto friendly for all you keto queens out there low carb and gmo free let s try the blueberry flavor it s just like a perfect blueberry cereal now let s try the fruity flavor um y all know i m always very honest i have no complaints if i didn t know what this brand was and i was just eating the cereal i d just think it was really good cereal like it s perfect now let s try the cocoa one very chocolatey flavor guys click the link below get your own variety pack try it right now and guys i have a code i love when i have a code i always feel so fancy when i have a code use my code timmy t i m y to get free shipping we love free shipping or just go to magicspoon com slash timmy it s all about me no i m kidding it s all about the cereal it s delicious magic spoon is so confident in their product that if you don t like it you will get your money back no questions asked it s a happiness guarantee amazing so once again click the link below use my code timmy to get free shipping or go to magicspoon com slash timmy the frosted one is like a legitimate doughnut i m so honored to be sponsored by you magic spoon thank you,magic_spoon,taste doughnut guy know eat lot channel lot food healthy filming try balance life eating lot healthy food cereal perfect guy look first delicious second sugar zero gram sugar three gram net carbs per serving gram protein per serving lot protein low carb sugar love hello also serving calorie four flavor cocoa blueberry fruity frosted tried one far slayed try flavor right way also gluten free grain free soy free keto friendly keto queen low carb gmo free let try blueberry flavor perfect blueberry cereal let try fruity flavor know always honest complaint know brand eating cereal think good cereal perfect let try cocoa one chocolatey flavor guy click link get variety pack try right guy code love code always feel fancy code use code timmy get free shipping love free shipping magicspoon com slash timmy kidding cereal delicious confident product get money back question asked happiness guarantee amazing click link use code timmy get free shipping magicspoon com slash timmy frosted one legitimate doughnut honored sponsored thank
magic spoon this cereal you guys is so good it has absolutely become a staple breakfast of mine it has so much protein in it compared to any other kind of cereal or a lot of other breakfast options it s gluten free grain free soy free and sugar free so if any of that is important to you this is a fantastic option and since i talked about them the last time i need to give you guys an update fruity is no longer my favorite flavor it s frosted frosted literally tastes like marshmallows i m not even making that up it s so good and another update since i talked about magic spoon last they are now allowing you to build your own variety pack so you get to choose the flavors that go into the variety pack they send out to you and they now have a peanut butter flavor and a cinnamon flavor in addition to cocoa blueberry frosted and fruity and i haven t tried the cinnamon yet but i got my eyes on it that s coming up next if you re interested in trying magic spoon you can use the link down in my description and you can use the code frumpy which will get you five dollars off thanks magic spoon for sponsoring,magic_spoon,cereal guy good absolutely become staple breakfast mine much protein compared cereal lot breakfast option gluten free grain free soy free sugar free important fantastic option since talked last time need give guy update fruity longer favorite flavor frosted frosted literally taste marshmallow even making good another update since talked last allowing build variety pack get choose flavor variety pack send peanut butter flavor cinnamon flavor addition cocoa blueberry frosted fruity tried cinnamon yet got eye coming next interested trying use link description use code frumpy get five dollar thanks sponsoring
i m going to discuss all of that but before i dive into the magic of portal fantasy we have been blessed with a sponsor magic spoon so i am a big fan of the breakfast revolution that is magic spoon they ve sponsored the channel a few times now i always love working with them because i love their breakfast cereal it s the perfect option for me i m trying to eat gluten free and eat less sugar and their cereal has just been the perfect breakfast option however i am super excited to announce that they have a new treat magic spoon treats these are just like the marshmallow treats you enjoyed as a kid but with only gram of sugar and to net carbs they re only calories and they are packed with grams of protein these have similar nutrition to leading protein bars but they re delicious and fun they re a really great pre or post workout fuel or just anytime snacking these are the best high quality high protein way to satisfy your sweet tooth you can click the link below to try magic spoon s new treats today and be sure to check out both delicious and high protein flavors marshmallow and chocolatey peanut butter whether you like sticking to the classics or trying something new there s a flavor you ll love and just like with their cereal magic spoon is so confident in their product that they re backed by a happiness guarantee so if you don t like it for any reason they ll refund your money no questions asked so click the link below or scan the qr code on the screen and enter the code capturedinwords for off or go to magicspoon com capturedinwords to save on your order today and don t forget to add the marshmallow and chocolatey peanut butter treats to your order and for my fellow canadians and my british fans magic spoon also ships to canada and the uk big,magic_spoon,going discus dive portal fantasy blessed sponsor big fan breakfast revolution sponsored channel time always love working love breakfast cereal perfect option trying eat gluten free eat less sugar cereal perfect breakfast option however super excited announce new treat treat marshmallow treat enjoyed kid gram sugar net carbs calorie packed gram protein similar nutrition leading protein bar delicious fun great pre post workout fuel anytime snacking best high quality high protein way satisfy sweet tooth click link try new treat today sure check delicious high protein flavor marshmallow chocolatey peanut butter whether sticking classic trying something new flavor love cereal confident product backed happiness guarantee reason refund money question asked click link scan code screen enter code capturedinwords magicspoon com capturedinwords save order today forget add marshmallow chocolatey peanut butter treat order fellow canadian british fan also ship canada big
magic spoon so thank you so much magic spoon for sponsoring this video growing up i always loved cereal but the one thing about cereal is that a lot of times it s just not filling because it s usually all carbs and that s totally fine but if you really want a high protein cereal that you can eat a lot of and not get sugared out by really easily and stay fuller for longer then magic spoon cereal is seriously perfect it has zero grams of sugar grams of protein and only four net grams of carbs in each serving there are four flavors which are cocoa fruity frosted and peanut butter and you can try them all in a variety pack they re all keto friendly gluten free grain free soy free low carb and gmo free choosing my favorite flavor out of the four that i tried was actually so hard because they were all amazingly good but i had to go with the cocoa flavor i love how it makes the milk all cocoa literally this is so addicting and so satisfying too so if you are interested in magic spoon cereal then go to magicspoon com rachie to grab a variety pack and try it today and be sure to use my code rachie in all capital letters to get five dollars off your entire order magic spoon is also so confident in their product that they have a happiness guarantee so if for some reason you don t like their product then they will give you a full refund no questions asked once again you can go to magicspoon com rachie and thank you again to magic spoon for sponsoring this video,magic_spoon,thank much sponsoring video growing always loved cereal one thing cereal lot time filling usually carbs totally fine want high protein cereal eat lot get sugared easily stay fuller longer cereal seriously perfect zero gram sugar gram protein four net gram carbs serving four flavor cocoa fruity frosted peanut butter try variety pack keto friendly gluten free grain free soy free low carb gmo free choosing favorite flavor four tried hard amazingly good cocoa flavor love make milk cocoa literally addicting satisfying interested cereal magicspoon com rachie grab variety pack try today sure use code rachie capital letter get five dollar entire order also confident product happiness guarantee reason product give full refund question asked magicspoon com rachie thank sponsoring video
ah today s video is magic spoon regular viewers of this channel know that i love cereal who doesn t love cereal it s not a controversial statement but cereal sadly doesn t always love you back thanks to all those sugars and calories and all of that stuff that you re not supposed to eat as an adult anyway along comes magic spoon and they re like yo simon check this out what s the deal zero total sugars five grams of net carbs and grams of protein basically they ve taken cereal and made it healthy and you d think oh well that already exists there are already healthy cereals out there it s good for you but it tastes horrible allegedly now look i m not a nutritional expert but i know that zero total sugars less carbs and more protein is generally good for you did i say that it tastes awesome at the same time oh yeah originally they had four flavors cocoa fruity frosted and blueberry then they added a couple more which i thought blew the original ones out of the water not that the original ones weren t great but peanut butter and cinnamon were game changers now there s even more i got some of them here these are the peanut butter and cinnamon ones this is a new one gingerbread this is the one i was just eating honey nut it s all fantastic stuff go to magicspoon com sideprojects grab a variety bundle and try it all out use my promo code sideprojects and you get five dollars off magic spoon has also got a happiness guarantee so if you don t like it you get your money back perfect and now today s video,magic_spoon,today video regular viewer channel know love cereal love cereal controversial statement cereal sadly always love back thanks sugar calorie stuff supposed eat adult anyway along come simon check deal zero total sugar five gram net carbs gram protein basically taken cereal made healthy think well already exists already healthy cereal good taste horrible allegedly look nutritional expert know zero total sugar less carbs protein generally good say taste awesome time originally four flavor cocoa fruity frosted blueberry added couple thought blew original one water original one great peanut butter cinnamon game changer even got peanut butter cinnamon one new one gingerbread one eating honey nut fantastic stuff magicspoon com sideprojects grab variety bundle try use promo code sideprojects get five dollar also got happiness guarantee get money back perfect today video
but the great thing about magic spoon is there is zero grams of sugar in this which is obvious it says it right there on the top zero grams of sugar three grams of net carbs and grams of protein now my general dieting thing is like i just don t eat too much sugar simple and you won t get too fat don t eat too many carbohydrates and you won t get too fat and it s pretty good and protein i know is the good one like i know i should focus on my diet a little bit more magic spoon makes it easy because there s just no sugar and lots of protein i know that s less of the bad thing and more of the good thing so i can become mega ripped not a guarantee obviously also you might be thinking well simon that might be well and good it contains zero grams of sugar and grams of protein but it probably tastes terrible and i m like well good news for you it actually tastes amazing so good in fact that i ve had that one open and i m just constantly snacking on that i know i should eat it like cereal and they probably even say that i should eat it like cereal but honestly i just spend most of my time snacking on it all day long next i m gonna crack this cocoa one which i haven t even opened yet but i m excited to there are four flavors available this one is cocoa this one is fruity the one i had earlier is frosted and this one is blueberry it s keto friendly obviously gluten free low carb and gmo free anyway click the link below or go to magicspoon com slash blaze to grab a variety pack and get free shipping plus a happiness guarantee so if you don t like it you get your money back but you will like it it s zero sugar but it tastes awesome and let s just get back into the video shall we thank you magic spoon for sponsoring,magic_spoon,great thing zero gram sugar obvious say right top zero gram sugar three gram net carbs gram protein general dieting thing eat much sugar simple get fat eat many carbohydrate get fat pretty good protein know good one know focus diet little bit make easy sugar lot protein know less bad thing good thing become mega ripped guarantee obviously also might thinking well simon might well good contains zero gram sugar gram protein probably taste terrible well good news taste amazing good fact one open constantly snacking know eat cereal probably even say eat cereal honestly spend time snacking day long next crack cocoa one even opened yet excited four flavor available one cocoa one fruity one earlier frosted one blueberry keto friendly obviously gluten free low carb gmo free anyway click link magicspoon com slash blaze grab variety pack get free shipping plus happiness guarantee get money back zero sugar taste awesome let get back video shall thank sponsoring
ah today s video is the wonderful people over at magic spoon i love chocolate and it s banging magic spoon brings the nostalgia from your childhood back to your adult life with their incredible cereals look when i was a kid i would eat bowls and bowls and bowls of delicious chocolatey cereal because i was a kid you run around and you burn it off but as an adult i sit at a desk all day and do not burn things off and i have to think about my health and magic spoon is basically like simon we ve got you we make cereal guys look at all these things four grams of net carbs which isn t much and grams of protein so you can grow big strong muscles zero total sugars which is honestly brilliant because you don t need any of the extra stuff and it also tastes delicious isn t all healthy cereal like that unnamed brand that exists here where it s super healthy but also tastes like cardboard it s awful stuff magic spoon tastes amazing this peanut butter is absolutely my favorite they ve got a variety pack which contains fruity frosted and cocoa and like i say my favorite is cracking plus they re dropping some limited edition fall flavors this september cocoa peanut butter and pumpkin spice which i don t have here because they didn t arrive on time because i guess i don t live in america for my sins i want my pumpkin spice magic spoon hurry it up so get your magic spoon variety pack today go to magicspoon com brainfood and use the code brainfood to get five dollars off your order,magic_spoon,today video wonderful people love chocolate banging brings nostalgia childhood back adult life incredible cereal look kid would eat bowl bowl bowl delicious chocolatey cereal kid run around burn adult sit desk day burn thing think health basically simon got make cereal guy look thing four gram net carbs much gram protein grow big strong muscle zero total sugar honestly brilliant need extra stuff also taste delicious healthy cereal unnamed brand exists super healthy also taste cardboard awful stuff taste amazing peanut butter absolutely favorite got variety pack contains fruity frosted cocoa say favorite cracking plus dropping limited edition fall flavor september cocoa peanut butter pumpkin spice arrive time guess live america sin want pumpkin spice hurry get variety pack today magicspoon com brainfood use code brainfood get five dollar order
magic spoon cereal cereal you know it i know it you love it i love it he loves it she loves it they love it it turns out that most cereals are sugary and terrible for you which means that if you eat enough of them you re going to die i guess you re going to die no matter which cereal you choose but if you choose magic spoon cereal you ll die a healthier person is that a selling point magic spoon is healthier than its competitors but it s still sweet enough to be eaten as a dessert each box contains zero grams of sugar between and grams of protein only four net grams of carbs in each serving and only calories it s keto friendly gluten free grain free soy free and low carb i m not gonna pretend that i know what all of these things mean but i do know that the protein and the sugar amounts are pretty shocking for a cereal like how are you gonna have a frosted cereal without sugar really that s just the magic baby try magic spoon s best selling flavors in a four flavor variety pack featuring cocoa fruity frosted and peanut butter but whatever you do make sure you try the fruity it tastes exactly like the fruity cereals of my youth but with zero sugar no there s no sugar in there it might sound impossible but when you think about it really nothing s impossible with magic spoon magic spoon is so confident in their product it s backed with a happiness guarantee so if you don t like it for whatever reason they will refund your money no questions asked and you can use the promo code brutalmoose at checkout or go to magicspoon com brutalmoose for five dollars off any order so no risk dude get the fruity get the fruity so click the link below and use the code brutalmoose for five dollars off or go to magicspoon com brutalmoose to save five dollars today thanks so much magic spoon for sponsoring this video and for sending me so many boxes of the fruity and thank you for watching this video,magic_spoon,cereal cereal know know love love love love love turn cereal sugary terrible mean eat enough going die guess going die matter cereal choose choose cereal die healthier person selling point healthier competitor still sweet enough eaten dessert box contains zero gram sugar gram protein four net gram carbs serving calorie keto friendly gluten free grain free soy free low carb pretend know thing mean know protein sugar amount pretty shocking cereal frosted cereal without sugar baby try best selling flavor four flavor variety pack featuring cocoa fruity frosted peanut butter whatever make sure try fruity taste exactly fruity cereal youth zero sugar sugar might sound impossible think nothing impossible confident product backed happiness guarantee whatever reason refund money question asked use promo code brutalmoose checkout magicspoon com brutalmoose five dollar order risk dude get fruity get fruity click link use code brutalmoose five dollar magicspoon com brutalmoose save five dollar today thanks much sponsoring video sending many box fruity thank watching video
this video is magic spoon everybody loves it i ll say that again just in case you couldn t hear me through my mouth full of magic spoon now everybody loves cereal that shocks absolutely nobody but the thing is it s not always great for you it s been many years since i ve eaten cereal because the reality is most cereal just has too much sugar that i just don t need in my life i don t have the healthiest diet in the world but i generally stay in okay shape by just not eating tons of unnecessary sugar anyway along comes magic spoon and they re like simon check out our cereal it has no sugar and it only has three net grams of carbs and it s only calories per serving now look honestly i don t know a ton about this stuff i don t know much other than protein good carbs are good for energy but they re not necessarily good for remaining trim especially if you lead a sedentary lifestyle like myself sitting at a desk but the zero sugar totally sold me it also tastes amazing this is the peanut butter flavor this is a new flavor they have cinnamon and peanut butter before they had those four flavors you know chocolate and fruity that i love but when cinnamon came i was like this is gonna be it for me guys cinnamon is the one but no cinnamon is great peanut butter is king this is incredible it s also keto friendly gluten free low carb gmo free and all that good stuff now you can also go build yourself a personalized cereal box of custom flavors which is incredibly cool anyway click the link below or go to magicspoon com forward slash brain food grab a variety pack and try it out also use my promo code brain food and you ll get free shipping further magic spoon has a percent happiness guarantee so if you don t like it you get your money back but you will like it get the peanut butter it s wild and let s get into the video,magic_spoon,video everybody love say case hear mouth full everybody love cereal shock absolutely nobody thing always great many year since eaten cereal reality cereal much sugar need life healthiest diet world generally stay shape eating ton unnecessary sugar anyway along come simon check cereal sugar three net gram carbs calorie per serving look honestly know ton stuff know much protein good carbs good energy necessarily good remaining trim especially lead sedentary lifestyle sitting desk zero sugar totally sold also taste amazing peanut butter flavor new flavor cinnamon peanut butter four flavor know chocolate fruity love cinnamon came guy cinnamon one cinnamon great peanut butter king incredible also keto friendly gluten free low carb gmo free good stuff also build personalized cereal box custom flavor incredibly cool anyway click link magicspoon com forward slash brain food grab variety pack try also use promo code brain food get free shipping percent happiness guarantee get money back get peanut butter wild let get video
