transcript,brand
it's never ever ever too late to introduce a new healthy habit into your life and it's never too late to stop an unhealthy habit either and you don't have to be perfect just doing these habits a few times a week is better than not doing them at all but before I talk about the habits I want to quickly thank athletic greens for sponsoring today's video and they are the perfect sponsor for today's video because ag1 has been a daily habit of mine for a few years now I have aging one every morning even when I'm traveling I have the ag1 travel packs as well and it's a way for me to get my nutrition first thing in the morning it has 75 vitamins minerals and Whole Food sourced ingredients in fact a lot of you have written to me and told me how you can't take a lot of supplements but you were able to take ag1 without getting an upset stomach and that you really notice the difference so this is kind of just everything jam-packed into one nutritional beverage so what I like about that is that I don't have to take many many different supplements I just take this and I know that I'm covered it supports our immune Health our brain health our hormonal Health our energy levels our Liver Health I'd like to take it about 20 or 30 minutes before I eat my breakfast in the morning and I just take one scoop in a glass of water Shake It Up Stir It Up and drink it I really like the taste in fact I kind of crave it in the mornings just because I've had it for so long and you can click my link Down Below in the description to get a year's supply worth of vitamin D plus five 81 travel packs for free with your purchase of ag-1 and vitamin D is really important for a healthy immune system so it's great to take along with your ag1 but let's move on to some other healthy habits I love so I guess I can start at the beginning of my day and then tell you the habits that I like to do throughout the day,ag1
And now I'm making my AG1. I wanted to say thank you to AG1 for sponsoring this portion of today's video. One of my overarching goals for 2026 which I'm going to talk about in my next video more like the goals and resetting and everything. I want to give my body more of what it needs and I want to behave in the way that the ideal version of me would act. Before I make decisions or do things or decide not to do things I want to think to myself would the version of me that I want to become do this or not? And getting in my daily nutrients is something that the version of me that I want to become would definitely do. Quite frankly I don't really know how to do that on my own. I don't know exactly what nutrients I need. I don't know how much of them that I need. So that is why AG1 is a godsend. This is AG1 next gen and it's clinically shown to support gut health and fill in common nutrient gaps with over 75 ingredients including five probiotic strains. Some health benefits include gut health energy immune support and daily nutrients which I again like I said definitely am not getting enough of. And something that I love about AG1 and why I trust them is that they rigorously test their formula for hundreds of contaminants and impurities to guarantee they're delivering the highest quality nutrients available. If I'm going to put it in my body I want it to be good. Check out AG1. I'm going to have a QR code on the screen and I'm going to have a link in the description. And for a limited time only if you go to drinkAG1.com/hannahleece you'll get a free AG1 duffel bag and a free AG1 welcome kit with your first subscription order. This is only while supplies last. So if you're interested in this offer don't wait. QR code on the screen link in the description. Thank you so much to AG1 for sponsoring this portion of today's video,ag1
I try to make more pleasurable is my daily nutrition and I have been killing it on that front thanks to ag1 ag1 is a foundational nutritional supplement that supports whole body health I was so tired of taking a bunch of different vitamins for all my different various needs but I was so thrilled
to find one supplement that covered my nutritional basis it's crazy how much ag1 actually packs into one drink they have prebiotics and probiotics for gut health magnesium and vitamin B for energy vitamin C and Zinc for immune defense choking down a bunch of vitamins used to be my least favorite part of my morning routine but ag1 is actually something I really look forward to The Taste is sort of hard to explain it's like planty but also pineapple so like healthy planty pineapple is you generally mix it with water but I actually really like to mix
mine with orange juice makes me feel like I'm making myself a little morning cocktail so there's a life hack for you supporting your health is especially complicated in the colder months even here in La it's cold okay it's raining pity me everyone gets sick this time of year so you definitely need a little bit of extra Digestive and immune system support so if any of this sounds up your alley go to my Link at drink a1.com Rachel in theory or click the QR code right next to my head to get your free welcome kit which includes a can
a Shaker a year supply of vitamin D3 K2 plus five extra travel packs thanks again to ag1 for sponsoring this video and for making my morning habits a little more fun, ag1
And that is why we like having AG1 as our nutritional safety net. We've been drinking AG1 for a long time. It's a [clears throat] daily health drink with 75 plus ingredients and probiotics and it's clinically shown to support gut health and fill common nutrient gaps. I take it in the morning usually before lunch. I just take about 12 ounces of cold water add one scoop and literally that's it. It's one of the easiest habits that we've stuck with and it feels really great knowing that we've done something supportive for our bodies even on lighter days like today So through our link you get a free AG1 flavor sampler AGZ sampler free vitamin D3 plus K2 and an AG1 welcome kit when you first subscribe. Thanks so much to AG1 for sponsoring today's video. Let's get back to the day of eating. So I am going to have my AG1,ag1 
ag1 I am so excited to be working with ag1 and I know I don't include a ton of Lifestyle in my typical favorites videos but ag1 is a product that I've actually been using for years and I'm excited to be working with them this is so cool one of the things I really like about eg1 and how I kind of like think of this as actually a beauty product is that this promotes healthy and clearer skin and it also promotes healthier nails and hair which I think is so cool there's also adaptogens and B vitamins to support sustained energy concentration and mental performance without the caffeine crash that you typically would get from Coffee in every single serving of ag1 there are vitamins and minerals stress adaptogens pre and probiotics antioxidants superfoods and mushrooms and this also helps with digestive support you want to make sure you keep your ag1 in the fridge I also think the flavor is really nice and light um it has pineapple core vanilla beans and there's never any added sugar or artificial sweeteners I'm going to have a link in my description box where with your first purchase of ag1 you'll get a free year supply of AG vitamin D3 and K2 and five travel packets of ag1 all right starting off with some skincare so I have upgraded to the full size 
Good morning everyone. I'm about to mix up my AG1. I like to drink this first thing in the morning before I have coffee or breakfast. This is a really awesome product. You've heard me talk about it for quite a few years. I love that in just one scoop of AG1 I'm getting 75 vitamins minerals and whole food sourced ingredients. So much easier to drink this than to take like a whole handful of pills which is what you'd have to take to get this many vitamins minerals and everything that you're getting with just one scoop. So if you're trying to spring clean out your supplement cabinet trying to simplify things down I would highly recommend trying this out. This scoop of AG1 has a lot of benefits as well. It helps with energy immune health your gut health healthy brain and mood. This is giving me prebiotics probiotics and plant-based enzymes. There's just a lot packed in here. And I mix it with water shake it up. It's ready to go. Just something very simple that I can do every day for my health. It's easy to take on the go too. A lot of times I'll just mix this up and head out the door. Or I will take travel packs. I have quite a few different travel packs in my cabinet. If you want to try out AG1 you can get a bunch of free stuff with my link as usual. You'll get a free container with a scoop a free shaker bottle free travel packs and also a bottle of vitamin D3 plus K2. That all comes free in your welcome kit with your first AG1 subscription order. Thank you to AG1 for being a long-term sponsor of Hannah's Happy Home.,ag1
today but first we're going to take a minute to talk about the sponsor of this video ag1 we've been hearing a lot about ag1 over the past couple years but it really didn't sink in how much people like it until our friend Nick who watched this channel hi Nick said you need to try ag1 so we said fine we'll try it because Sarah and I are so relaxed on our diet that we thought we're definitely missing some key nutrients in there ag1 brings 75 vitamins minerals and Whole Food sourced ingredients probiotics stress adaptogens and mushrooms ag1 supports the immune system promotes healthy hair and nails supports the microbiome supports mental Clarity and promotes healthy aging and we need that because we're approaching 40 now surprisingly enough one of the benefits that SAR and I saw almost right away is after we started taking it we started drinking significantly less coffee throughout the day and if you guys watch our Channel you know that Sarah and I usually live on coffee and now Sarah and I only have a couple of cups of coffee a day which is totally abnormal for us but our energy is still the same ag1 is gluten and dairyfree paleo vegan and keto friendly and it tastes good this is coming from me I'm serious it tastes good if you're ready to try ag1 you're going to get some special goodies with your order you're going to get one year of these D3 plus K2 vitamin drops and some single serving packets for on the go make sure to use our special link listed,ag1
brought to you by ag1 the one daily habit that I actually stick with yeah it's kind of bad like I try to take up so many things and I swear like 90% of them I fail out but ag1 they make it easy and delicious so it's yeah that's like saying oh yeah I keep up with my daily habit of watching television what a hero I am mornings could be chaotic but ag1 make it simple you put a scoop from here while the bag goes in there for storage you take a scoop you put it from there into the bottle what's wrong with my brain sometimes it's a bottle and you shake it up and then you drink it 75 vitamins minerals and Whole Food Source nutrients in one go no pills no complicated routines it's an interesting one like my wife takes vitamin pills and she's always like I don't like swallowing these big pills it's really uncomfortable like you should get some ag1 and I should probably give her some ag1 because she really doesn't like like pills are okay for me I can choke down those pills no problem I mean obviously having ag1 is better but there's plenty of people out there who just don't like pills who can't just swallow pills easily look for me ag1 has been great t's easy It just fits into your routine just perfectly it's smooth it's slightly sweet it's got of pineapple vanillary Vibes which is nice it doesn't taste like grass you might think this looks like grass does not taste like grass just to be absolutely clear try ag1 for yourself use the link in the description,ag1
Why I love LMNT electrolytes (sponsor) is actually sponsored by a brand that you all have heard me talk about for such a long time and that is element electrolytes element is so special to me sas a sponsor of this channel because it's not only an awesome product and a brand that I really love but elen is actually crucial for me to stay scomfortable when I'm hiking and backpacking I have chronic migraines and what that means is that I'm basically dealing with chronic pain all the time sit's definitely manageable and like it's not always debilitating but one of the big triggers for me for migraines is sdehydration when I am exercising when I'm sweating that is almost guaranteed to give me a migraine and that is where element comes in in my opinion element smakes the best flavors of electrolyte drink mixes that I have ever had and on top of that it's not just that they staste good it's also that this is the only electrolyte mix that I have ever tried that actually works so well and so quickly to help me stay hydrated I am so grateful that I've been such a huge sponsor of my channel for so long and if you want you can actually get a free ssample pack of eight of elements electrolyte drink mix flavors when you place an order for one of the electrolyte drink mixes with the link sbelow that link is drink element.com Miranda goes outside so place an order there get your free sample pack and I shope love it just as much as I do and if you are curious about the way that sponsorships work the entire video isn't sponsored our sponsors are only LMNT element you guys know we love this product we drink it all the time it is magic in a little packet element is a tasty electrolyte drink mix with everything that you need and nothing that you don't that means lots of salt with no sugar element contains a science-backed ratio of 1000 milligrams of sodium 200 milligrams of potassium and 60 milligrams of magnesium she didn't even pour me a cup i honestly though nothing compares to this brand of electrolytes so element reached out to us and they are offering our viewers our keto twin fam a sample pack containing one of each of their flavors so that you can try and pick out which one you like the most all you have to do is pay shipping so click on the link in the description below to get your sample pack of elements the reason why you need electrolytes uh during your ketogenic journey especially during the beginning of it is because when you're switching into ketosis you lose a lot of water and in that water are your electrolytes throws off your electrolyte balance pretty much and you need to replace it somehow i didn't know about this 10 years ago i didn't know that the keto flu was that,lmmt
when your body recovers and repairs today's video is sponsored by element hydration isn't just about drinking water it's about drinking water and electrolytes it makes sense because you lose both sodium and water when you sweat both water and electrolytes need to be replaced and replenished to help prevent things like muscle cramps dehydration headaches fatigue and energy dips that can result from low electrolytes and dehydration since the 1940s we've been told to drink eight glasses of water per day whether we're thirsty or not thirst is the way our body regulates blood volume and fluid balance when you need more fluids you get thirsty and when you drink plain water Beyond thirst it dilutes your blood electrolyte levels and when you drink plain water Beyond thirst it dilutes blood electrolyte volume especially your sodium levels which can lead to some nasty consequences unfortunately since low sodium symptoms can mimic dehydration symptoms people often get confused and tend to drink more water which only exasperates the problem with 1000 Mig of sodium 200 mg of potassium and 60 Mig of magnes Museum element has the perfect science fact formula to help move the needle towards your goals you're also guaranteed to find a flavor that you love element is offering you all my subscribers a free sample packet with any order that's eight single serving packets with any order as long as you use the link below so make sure you guys click the link below drink element.com chrismo that's d r i n k l m nt.com,lmnt
When you're out here sweating like I do you're not just losing water you're losing electrolytes. Muscle cramps low energy headaches those can often be signs of an electrolyte imbalance. That's where today's sponsor Element comes into play. It's a zero sugar mix of sodium potassium and magnesium. No junk just what your body actually needs. Now I like all the flavors but my go-to flavor is citrus salt. Just a forewarning these salt sticks pack a punch. On most light rides I would just use half a stick but on big heavy days I'll go full send. Keeping electrolytes replenished can make a big difference in how you feel. Go to drinkelement.com/skills to get a free sample pack with any order. Again that's drinklement.com/skills. If you don't absolutely love it pass it off to a salty friend and they will give you a full refund no question asked. And with this message from our sponsor out of the way let's gear back up and hit the trails,lmnt
today's video is sponsored by element element is a tasty electrolyte drink mix with everything you need and nothing you don't so none of the junk and lots of salt no sugar no coloring no artificial ingredients no gluten no fillers no BS electrolytes are responsible for hundreds of functions in the body including hydration water alone is not enough element is formulated to help everyone and anyone with their electrolyte means with a science back formula of a thousand milligrams of sodium 200 milligrams of potassium and 60 milligrams of magnesium element can help prevent and eliminate things such as headaches sleeplessness muscle cramps fatigue which can be common symptoms of electrolyte deficiency right now element is offering my subscribers that's you a ree sample packet with any order this is a great way to try all eight flavors or share element with a salty friend get yours at drinkelement.com forward slash Christie Irmo this deal is only available through my link linked below,lmnt
this video is brought to you by element element is a tasty electrolyte drink mix with everything you need and nothing you don't as an athlete staying hydrated is key but it's not just about water electrolytes are responsible for hundreds of functions in the body and we need the right balance of electrolytes to keep our body's performing at its best each packet contains a science back ratio of 1000 Mig of sodium 200 Mig of potassium and 60 Mig of magnesium which is perfect for replenishing what we lose through sweat during our intense workouts and the best part there's no no sugar no gluten and no artificial ingredients meaning it's perfect for anyone on a low carb or ketogenic diet whether you're an athlete a weekend warrior or just someone looking to stay hydrated and healthy elements got you covered it's formulated by experts and trusted by some of the top performers in the world element is always in my bag whether I'm packing for a trip or I'm just headed to the gym wherever I'm headed I'm sure to have an element packet with me element is offering you all my subscriber a free sample pack with any order so you can try all eight flavors or share with a salty friend this deal is only good through my link so click the link below drink element.com,lmnt
thank you to element for sponsoring this portion of today's video it was actually my husband Kieran that introduced me to element and when he did I was in element is a tasty electrolyte drink that is full of everything you need and is not full of everything you do not need and what sets element apart from other electrolyte drinks and Brands is that they believe the more salt the better and you might think salt and be like salt yes salt When you sweat and move your body the main electrolyte that you lose is actually sodium and let me tell you I am a mom of five I'm constantly sweating and moving my body ll day so whether you're an athlete or a mom and dad element is going to work for you the electrolyte ratio and element is backed up by science 1000 Mig of sodium 200 Mig of potassium and 60 Mig of magnesium there are hundreds of functions through the body that need electrolytes for them to work to its fullest we're talking about nutrient absorption hydration keeping that in the body using it properly nerve impulses even just the ability for your body to regulate hormones I also love there's no junk or fillers in here there is no uh excess sugar coloring right now element is offering you guys my viewers a free sample pack with any element purchase this is a great way for you to try some more extra flavors that you might want to have just constantly on the go or go ahead and share it with a friend go to drink element.com Sarat teres it will,lmnt
Element is a tasty electrolyte drink mix with everything you need and nothing you don’t. As an athlete staying hydrated is key but it’s not just about water. Electrolytes are responsible for hundreds of functions in the body and we need the right balance of electrolytes to keep our bodies performing at their best. Each packet of Element contains a science-backed ratio of 1 000 milligrams of sodium 200 milligrams of potassium and 60 milligrams of magnesium which is perfect for replenishing what we lose through sweat during those intense workouts. And the best part: there’s no sugar no gluten and no artificial ingredients meaning it’s perfect for anyone on a low-carb or even a ketogenic diet. Whether you’re an athlete a weekend warrior or just someone looking to stay hydrated and healthy Element has got you covered. It’s formulated by experts and trusted by some of the top performers in the world. Element is always in my bag. Whether I’m packing for a trip or just headed to the gym wherever I’m headed I’m sure to have an Element packet with me. Element is offering you guys my subscribers a free sample pack with any drink mix order. That’s eight single-serving packets with any order,lmnt
This is the citrus salt from Element and I love their electrolytes. I drink one every single day. I usually have the raw unfiltered one with a little bit of fresh lemon in the mornings. I obviously don't have any lemons here so I need to buy those. But their electrolytes are so good and they don't have any sugar in them. There's a lot of different flavors. And there's 1 000 mg of sodium 200 mg of potassium and 60 mg of magnesium. But it's really important to make sure that you're getting your electrolytes because if you're deficient you might experience some symptoms like fatigue muscle cramps soreness and headaches. Like there's honestly quite a few things that you can feel if you are deficient. These ones taste amazing. So huge thank you to Element for sponsoring this video and they actually gave me a discount code to share with you guys. And you can get eight free sample packets with your order. So you can try all the flavors which is really cool. But you go to drinkelement.com/babhay. And again when you place your order you'll get eight free sample packets. It's also nice to be able to share some with your friends,lmnt
I'm going to take a minute to tell you about Element who have kindly sponsored today's video so Element is a tasty electrolyte drink mix with everything you need and nothing you don't. That means a lot of salt with no sugar. It contains a science-backed electrolyte ratio of 1 000 milligrams of sodium 200 milligrams of potassium and 60 milligrams of magnesium. Electrolytes are important because I do intermittent fasting so I'm always thinking about replenishing my electrolytes in a safe way. I love the flavors for Element. There's chocolate raspberry salt watermelon salt and orange salt. Sometimes if I'm doing a really long extended fast I'll do the unflavored version. Right now Element is offering my viewers a free sample pack with any order. That's eight single serving packets free with any Element order. This is a great way to try all eight flavors or share Element with a salty friend so get yours at drinkelement.com forward slash daily C. This deal is only available through my link so go to d-r-i-n-k-l-m-n-t dot com forward slash daily C and thank you to Element for sponsoring this video.,lmnt
We do talk about Element because we absolutely love their electrolytes and I think some of you guys have tagged them in our content because they finally reached out to us and decided to sponsor this video. So let me tell you a little bit about Element. Element is a tasty electrolyte drink with everything that you need and nothing that you don't. That means lots of salt with no sugar. Element is formulated to help anybody with their electrolyte needs and is perfectly suited to folks following a keto diet. Element contains a science-backed electrolyte ratio: 1000 milligrams of sodium 200 milligrams of potassium and 60 milligrams of magnesium. For a limited time our Keto Twins family can get a sample pack of Element for just the cost of shipping. Each sample pack contains seven packets of Element each a different flavor. The offer is limited to one time per customer so click the link in our description to get your sample packet today. Thanks so much to Element for sponsoring this video.,lmnt
A big thank you to Element for sponsoring this portion of today's video. There's not a day that goes by that my husband and I are not enjoying Element. Not only is it a delicious electrolyte drink but it contains everything you need and nothing that you don't. For example it contains a science-backed electrolyte ratio which is 1 000 mg of sodium 200 mg of potassium and 60 mg of magnesium. And on top of that it contains no sugar gluten artificial ingredients or fillers. It's just all the good stuff. This is what you want right here. You might be asking yourself why so much sodium and the reason for that is when you sweat maybe you're like me you're a mama you're busy you're moving around all the time. When you sweat the main electrolyte that you are losing is sodium and it needs to be replaced and Element is going to help your body do that. There are numerous functions in the body where electrolytes are extremely important for those to work well. We're talking nutrient absorption hormonal regulation and even just hydration. Element can help you with electrolyte deficiency. Maybe you're experiencing things like headaches fatigue sleepiness or muscle cramps. Element can help you prevent that. So whether you're an Olympic athlete a Navy SEAL or a stay-at-home mom Element is here to help you. I love their citrus salt. It is such a good flavor but I also love orange salt. A dear place in my heart as well as my husband's. These are amazing to drink cold but if you're into something a little bit warmer for this cooler time of year they have a limited edition chocolate medley that you are meant to take warm and is so nice to have for those cold mornings or to get you going before bed at night. Right now Element is offering my viewers a free sample pack with any order. That's eight single serving packs that are free. It's a great way to share the salt love or just keep it for yourself and try some more flavors. Get yours at drinkelement.com slash seratrees. That's drink L M N T dot com.,lmnt
A lot of people assume therapy is only for when something is wrong but that's really not the case. Sometimes it's just about having someone neutral to talk to. Someone who isn't your friend your partner or your family member. Someone who can help you process things objectively. Maybe you're dealing with everyday life stress work pressure parenting challenges relationship questions or big decisions. Or maybe you're actually doing fine overall but you just want tools to manage life better. Therapy can help with things like communication boundaries emotional awareness and just understanding yourself a little bit deeper. That's another thing I appreciate about BetterHelp. It kind of normalizes the idea that therapy can be part of everyday self-care. Just like going to the gym or taking care of your physical health you can also check in on your mental and emotional health. And the convenience factor really makes a difference. With BetterHelp you can message your therapist schedule video sessions or even do phone calls depending on what works best for you. So if you're someone who prefers talking face to face you can do video. If you're someone who's more comfortable just talking on the phone while walking or sitting somewhere quiet you can do that too. And for people who process things better by writing you can even send messages. It gives you a lot of flexibility. I think that flexibility is huge for women who are constantly balancing a lot of responsibilities because sometimes the hardest part of getting help is just finding the time and energy to start. Also keep in mind that therapist availability does vary.,betterhelp
I wanted to say a quick thank you to BetterHelp for sponsoring today's video. I'm actually so excited that BetterHelp is sponsoring this very video because part of the story is about therapy and mental health. And I think it's safe to say that I wouldn't be who I am today in overcoming anxiety episodes and panic attacks and stuff without the help of a trained professional to help me understand my mind. BetterHelp will assess your needs and match you with your own licensed professional therapist and you can start communicating within 48 hours. It's not a crisis line and it's not self-help. It's actually professional counseling done securely online. There's a really broad range of expertise in BetterHelp's 15 000 plus counselor network which may not be locally available in many areas. The service is available for clients worldwide. And you can log into your account anytime and send a message to your counselor. You'll get timely and thoughtful responses. Plus you can schedule weekly video or phone sessions. And they're committed to facilitating great therapeutic matches so they make it easy and free to change counselors if needed. It's actually more affordable than traditional offline counseling and financial aid is available. BetterHelp wants you to start living a healthier and happier life today so make sure to go to betterhelp.com slash mayuko. That's better h e l p and join the over 1 million people taking charge of their mental health with the help of an experienced professional. They're actually giving a special offer for all of my subscribers so you can get 10% off your first month at betterhelp.com slash mayuko.,betterhelp
But today I want to give you just an update and tell you a little bit more about the series I'm doing. Before we get into that I want to thank today's sponsor who is BetterHelp. I've said this before. I'm a big believer in therapy. I believe that therapy needs to be normalized and it needs to be way more accessible and way more common for people. I started doing therapy with a licensed professional therapist almost two years ago and it has changed my life. It is not a crisis line. It is a place where you can go to find a good therapist. Finding a good therapist is kind of hard especially when you only have the options in your city. BetterHelp is an online thing. It's remote. You can browse thousands of therapists and choose one. And then if you don't really fit with the therapist which is a very common thing you can easily switch to another one for free. No calling your insurance and figuring out who's in network and that whole debacle that is just sort of when you are already looking for therapy you don't want to be stressing out about finding a therapist. It's super easy to sign up. Within 48 hours you could be talking to a professional. I really believe in therapy and believe that BetterHelp is doing a good job trying to make therapy more accessible. So there's a link in my description betterhelp.com/johnnyharris. When you click that link it helps support this channel but it also gives you 10% off your first month at BetterHelp. You can try it out and see if it works for you. Thank you BetterHelp for supporting this channel and for supporting the journalism I'm doing here in Cyprus.,betterhelp
This video is sponsored by BetterHelp an online therapy platform that makes getting support easier. Go to betterhelp.com/skidkids for 10% off your first month. After any injury I've had the most difficult part is always the change in lifestyle. Not being able to go in the water for over a month has been way more challenging than I expected. That's when I realized physical healing is only half the battle and the mental part can hit just as hard. Therapy helped me understand that those setbacks are temporary and there's plenty of work I can do to expedite healing and spend time on other interests that I normally would. It was nice to be able to talk to a therapist who helped me focus on things to look forward to rather than grieve what had been lost. With BetterHelp you can get matched with a licensed therapist who listens and gives you helpful unbiased advice all online. You can even switch therapists anytime at no extra cost. In 2024 alone over 137 000 people used their HSA or FSA benefits for therapy through BetterHelp. If you've been hitting some bumps in the road you're not alone. Check out betterhelp.com/skidkids or click the link in my description to get 10% off your first month. Now back to the video.,betterhelp
BetterHelp for sponsoring this video. I have a question for all of you. Is there something in your life that you feel is preventing you from happiness or keeping you from achieving your goals? Because I have felt that way. I felt really weighed down and really heavy but tried to ignore it and just keep moving on with my life by a lot of stuff that has happened in my past. And then I was like maybe I should check out this wonderful thing called therapy. I started therapy and my whole entire life changed. I started healing a lot of those old wounds. I woke up and I was like whoa this is what life feels like. No it's not what I've experienced before. This is life. This is being present. And this is being happy. And this is helping me achieve my goals. BetterHelp let's talk about it. BetterHelp will assist you with your needs and match you with your own professional licensed therapist. You can start communicating with your therapist within 48 hours of signing up for BetterHelp. BetterHelp is not a crisis line. It's not a self-help line. It is professional counseling done securely online. There is a very broad range of expertise in BetterHelp's 15 000 plus counselor network which may not be locally available in all areas. My personal favorite part about BetterHelp is you can log onto your account at any time.,betterhelp
Now this video today is sponsored by BetterHelp. BetterHelp is the leading provider of online counseling which is really counseling for the modern age. You can text the counselor or video chat them and over half a million people have actually gotten counseling through them to date. Now they have different therapists for different purposes and even different goals in life. Every counselor is licensed and the sign up process will actually give you some questions to determine exactly what you need so they can match you with someone. You can text you can live chat you can do a phone call or video chat a counselor worldwide. And the pricing for the program is monthly so rather than per session you also get unlimited messaging throughout. So if this connected with you guys here today please go ahead and get connected with your professional counselor at the link below slash monk. All right guys that's what I've got on making the next hundred days the best of your life. I still believe it is absolutely possible. So before you go check out the BetterHelp link below this video and I'll catch you guys in the next video.,betterhelp
I do want to thank BetterHelp for sponsoring this video. One of my 2022 mental health goals is to focus more on myself and on my business endeavors and I think one of the best ways that you can achieve healthy mental health habits is by getting a licensed therapist on your side. And BetterHelp offers over 20 000 licensed professionals and their network is amazing. You can log in right now and get started in as little as 48 hours and have someone to chat with back and forth in your account. Now this is not a crisis helpline and it is not self-help. This is professional therapy so I think it's amazing that this kind of service is available to you. You don't have to go into a therapist office and sit in an uncomfortable waiting room. You don't have to wait a really long time in order to see whose books are open or who has availability for you taking at least a few weeks to get an appointment. You can literally log on to betterhelp.com. You can take the quiz and you can be matched up with a therapist today. Once you've created your account you can log in and get timely and thoughtful responses from the therapists. And if you don't match for whatever reason right off the bat then it is free and easy to change therapists as well. So it is a service that is much more effective than I think a traditional office just because you don't have to go in and you don't have the commute. Financial aid is also available as well. So if you want your service and your therapy to come to you I think this is the best way to do it because BetterHelp wants you to start living a happier life today and that is Better H E L P.,betterhelp
BetterHelp which is ironic because I'm already all emotional. There is nothing more important than your mental health and that is just a fact. So thank you BetterHelp for sponsoring this video. That is BetterHelp as in better help help and we need to normalize this because we could all see a therapist. We're going to get a little deep right now but in my personal experience I had never searched for a therapist until I got pregnant this time. The beginning was really really hard. I did not think I needed a tissue for this video. It was literally interfering with my everyday life. So if there's anything that's interfering with your happiness or preventing you from achieving your goals there is no shame in seeking help. When you sign up for BetterHelp you'll actually take a survey and they'll match you with your own licensed professional therapist. And you actually don't need to just stick to one. You can go through different people to see who is best for you and who you're most comfortable with. And since it's virtual in my opinion something about it is not as scary. Honestly years ago I never thought about it. I just didn't know how to even approach it. And then in our culture it was not spoken about like mental health and stuff. It wasn't until I got pregnant this time that I knew I needed to seek help. And because we were in the middle of a pandemic something about doing it online felt even more safe. First of all it's also way cheaper than offline counseling that you would do in person and financial aid is available. It is not a crisis line. It is not self-help. It is professional counseling done securely online. There is a broad range of expertise in BetterHelp's counselor network which is not always available locally. I just cannot emphasize enough that I feel that everybody could see a therapist. You can switch and change counselors whenever needed. You could talk to multiple people and whoever you feel comfortable with is who you continue to see. The BetterHelp service is available worldwide so no matter where you're watching from what language you speak or where you are in the world BetterHelp is available to you. And you guys can log into your account anytime and send messages to your counselor. Plus you can schedule weekly calls or video calls and you won't have to actually drive out and sit in the waiting room to see your therapist. All in all you guys BetterHelp wants you to start living a happier life today so please please please visit betterhelp.com slash karina. That is BetterHelp as in better h e l p to join the over 1 million people taking charge of their mental health with the help of an experienced professional. This is a special offer to you guys my viewers to get 10% off your first month at betterhelp.com slash karina. I hope you take this as a sign. Take this as a sign.,betterhelp
Today's sponsor is BetterHelp. BetterHelp is BetterHelp help and I'll make sure I put the information right here below. Here are just a few talking points for their services that I want to make sure I read to you. Thank you to BetterHelp for sponsoring this video. If you think you might be feeling depressed stressed anxious or overwhelmed BetterHelp is here to help. BetterHelp offers licensed therapists who are trained to listen and help you talk to your therapist in a private online environment at your convenience. There is a broad range of expertise in BetterHelp's 2000 plus therapist network that gives you access to help that may not be available in your area. You can just fill out a questionnaire to help assess your specific needs and then you get matched with a therapist in under 48 hours. From there you can schedule secure video and phone sessions plus you can exchange unlimited messages and everything you share is completely confidential. You can also request a new therapist at any time for no additional charge. Join the 2 million plus people who have taken charge of their mental health with an experienced BetterHelp therapist. There is even a section where you can record journal entries and I think this is pretty cool that they have this. This part is completely confidential as well but you can share these entries with your therapist at any time if you want to. So let me know if you're thinking about trying BetterHelp out. I have a link in the description box below betterhelp.com slash nikki and if you use that link you can get 10% off your first month. A few things that I like about BetterHelp is that you can sign up really easily and I love the idea of being able to switch out your therapist at any time. So that's one of the qualities about the company that I really liked a lot. So if you guys are interested in trying that those are some of the few highlights so let me know if you are going to try it out. All right so back to the video.,betterhelp
Sponsored by BetterHelp. Thank you to BetterHelp for sponsoring today's video. And this is such a weird way to include the sponsor. Is there currently something that's interfering with your happiness or preventing you from achieving your goals? BetterHelp assesses your needs and matches you with your own professional licensed therapist. BetterHelp is not a crisis line. It's not self-help. It's professional counseling done online with a broad range of expertise which may not be available locally in your area. This service is provided worldwide and you can simply log into your account and message your counselor at any time. You'll get timely and thoughtful responses and you can actually schedule phone or video sessions whenever you would like so you don't have to sit in uncomfortable waiting rooms with traditional therapy. They're also committed to facilitating great therapeutic matches so if you ever feel the need to change your counselor that is free and you can do that at any point. If you are looking for affordability BetterHelp is more affordable than traditional offline counseling and they also provide financial aid. BetterHelp wants you to start living a better life today so make sure to visit betterhelp.com slash michaela. That's better h e l p to get 10% off your first month. Again thank you to BetterHelp for sponsoring today's video. I already feel so much better kind of expressing to you guys how every day has definitely not been the easiest given where I'm at in college. It's not always going to be sunshine and rainbows or you're not always going to go through the best experiences. You're going to go through a lot of different emotions and it's always good to be able to talk to someone about it regardless of the situation that you're in or what you're feeling at the time. I highly encourage BetterHelp. But without further ado let's now get back into the video.,betterhelp
I want to talk to everyone about BetterHelp which is our paid sponsor for this video. After one of my fights in 2022 I delivered a message to tell everyone it's so important for men to speak more. The biggest motivation for me to say this was obviously a friend of mine who killed himself Ricky and also I'd been through some experiences myself in the past where I struggled to get through it and I had to go and get therapy myself. I had to go and get help myself. Obviously the impact it's had on my life and everyone else's life has been phenomenal. The amount of messages that I've had from people telling me that they haven't killed themselves because of what I said after a fight means more than winning any fight. BetterHelp is a platform which provides you with guided help from an expert. The therapist will be a trained mental health specialist there to listen to ask questions and to make you feel better. You get to personally pick what therapist suits you. You can try them out and see which one you feel comfortable with. You don't have to have a clinical mental health issue like depression or anxiety to gain from therapy. Seeking therapy is actually a sign of self-awareness and confidence because you're actively going out there to seek help. It's not being a coward. Coming out and speaking what you really feel and getting it off your chest really is like a weight lifted off your shoulders. If you're struggling and think you'd benefit from a therapy session click the link in the description or go to betterhelp.com slash paty and you'll receive 10% off your first month of therapy. Thanks again to our paid sponsor for today's video BetterHelp. What they're doing is amazing. Can't thank them enough for sponsoring the video and getting it out there even more that it's normal to go and get help when you feel like you're struggling with mental issues.,betterhelp
Perfect segue to today's sponsor BetterHelp. I'm so grateful that BetterHelp is sponsoring today's video. If you're not aware of what BetterHelp is they are an online therapy network where you can have access to 20 000 plus licensed therapists. So I found my therapist through BetterHelp three years ago and one of my favorite things about BetterHelp actually there's two. You can have access to your therapist within the first 48 hours and start communicating with them. There's video chat and texting which I love. Within 24 hours my therapist always responds back to my needs and it really feels like someone is there for me in my corner. There is no awkward transition for whatever reason which is very common if you don't mesh with the first therapist that you're matched with or the second or the third or fourth or fifth whatever it is because BetterHelp makes it so easy because it's online. So if you feel like you don't mesh with a therapist then you can cancel and find someone new. Finding the right therapist is very very important. Sometimes having the in-person interaction and having that awkward goodbye does make breaking up relationships kind of difficult. This online relationship with your therapist for me works really well because I feel like that transition is a lot smoother for me to find someone that matches really well for my needs. BetterHelp is not a crisis line. It is not self-help. It is professional therapy done securely online. And the greatest thing is that the service is available worldwide so though I have my therapist I've had a relationship with since three years ago I can still have the same relationship with her in Hong Kong. If financial reasons are keeping you from joining BetterHelp they actually have financial aid. It's a lot more affordable than traditional therapy and BetterHelp wants you to start living a happier life.,betterhelp
I wanted to let you know this video is sponsored by Magic Spoon. And I told you guys in the last video I was gonna get my hands on cinnamon. Here it is and I wanna do a live taste test with you guys. So let's do that. So in the first video I said my favorite flavor was fruity. In the second video I said my favorite flavor was frosted so we're gonna see if cinnamon can beat that. Okay I feel like frosted is still my number one but this is so close. Cinnamon is so close to being my number one. It's just as sweet as Cinnamon Toast Crunch which is crazy because there's no sugar in it. It has a really nice strong cinnamon flavor more than your typical store bought Cinnamon Toast Crunch. We also in our latest variety pack got our hands on peanut butter which is another new flavor. I'm not a huge peanut butter fan but my boyfriend is so here's his text review of the peanut butter flavor. So our go to variety pack is peanut butter cinnamon now frosted and fruity. So if you guys wanna try a variety pack you can use this code or use the link below and get $5 off your variety packs. So thank you Magic Spoon for sponsoring this video.,magic_spoon
Magic Spoon is all of the nostalgic childhood memories that you have but with a grown-up twist. Magic Spoon is an incredible cereal that's been upgraded for the 21st century consumer. It's all about that childlike nostalgia but they've got wholesome ingredients and none of the guilt. And this stuff tastes amazing and like I say it's actually good for you. This year I've started taking my health a little bit more seriously. We go to the gym. I've been working out. I even got a trainer because I'm like I'm never gonna get stuff done unless I have someone telling me what to do. And this dude's like Simon you want to eat the protein get more protein in your body. And that's what Magic Spoon does. Each serving of Magic Spoon has zero grams of sugar 13 to 14 grams of total protein and 4 to 5 grams of net carbs. Plus it's only 140 calories per serving. There's zero cane sugar corn syrup or sugar alcohols and it's gluten-free grain-free and made with natural flavors. So it's all a bit of a win-win really isn't it. And let me tell you the flavors are anything but boring. We're talking about delicious never boring flavors like cocoa fruity frosted and my favorite peanut butter. This one is a gem. Get that. Also the cinnamon one. Plus they also drop new flavors all the time. Limited edition ones for this month include toasted marshmallow and honey graham. It's all extremely delicious stuff. And here's the best part. You can actually build your own bundle of Magic Spoon cereal choose from their amazing flavors create your own variety box and have it delivered straight to your door. And to make it even better Magic Spoon has given you guys a special discount code. Just use the code SHADOWS at checkout and you get five dollars off. So click the link in the description box below or go to magicspoon.com/shadows to start building your own bundle of deliciousness. And remember to add the limited edition toasted marshmallow and honey graham flavors to your order before they're gone. Thanks to Magic Spoon.,magic_spoon
But first this video is sponsored by Magic Spoon. My literal favorite cereal of all time. Yes compared to your regular grocery store bought cereal. Cereal is one of those foods that I could literally eat and not stop. It's one of my favorite breakfast things but also dessert snack time like cereal. And my all time favorite thing about Magic Spoon not just that it tastes as good as any other cereal I've ever tried but it has 13 grams of protein per serving. Let me just give you the stats actually. It is gluten free grain free soy free and sugar free. So zero grams of sugar 13 or 14 grams of protein and only four grams of net carbs per serving. And it's so good. This flavor frosted is my all time favorite. When we get variety packs we love getting frosted fruity chocolate and peanut butter. There are so many good flavors to choose from. So if you wanna try out Magic Spoon you can use this discount code to get $5 off a variety pack and make sure you use the link in the description because it'll take you right there. Thanks Magic Spoon for sponsoring this video.,magic_spoon
This video is sponsored by Magic Spoon that tastes like a doughnut. As you guys know I eat a lot on this channel and a lot of the food is not that healthy so while I'm not filming I really try to balance out my life by eating a lot of healthy food and this cereal is perfect for me. Guys look Magic Spoon. First of all it's delicious. Second of all it does not have any sugar. Zero grams of sugar. It only has three grams of net carbs per serving and it has 11 grams of protein per serving. So it's a lot of protein low carb no sugar. We love those for us. Hello. Also each serving is only 110 calories. There are four flavors: cocoa blueberry fruity and frosted. I've only tried this one so far and it slayed me. I'm gonna try all these other flavors right now. By the way they're also gluten free grain free soy free keto friendly for all you keto queens out there low carb and GMO free. Let's try the blueberry flavor. It's just like a perfect blueberry cereal. Now let's try the fruity flavor. Um y'all know I'm always very honest. I have no complaints. If I didn't know what this brand was and I was just eating the cereal I'd just think it was really good cereal. Like it's perfect. Now let's try the cocoa one. Very chocolatey flavor guys. Click the link below get your own variety pack try it right now. And guys I have a code. I love when I have a code. I always feel so fancy when I have a code. Use my code TIMMY t i m m y to get free shipping. We love free shipping. Or just go to magicspoon.com slash timmy. It's all about me. No I'm kidding. It's all about the cereal. It's delicious. Magic Spoon is so confident in their product that if you don't like it you will get your money back no questions asked. It's a 100% happiness guarantee. Amazing. So once again click the link below use my code TIMMY to get free shipping or go to magicspoon.com slash timmy. The frosted one is like a legitimate doughnut. I'm so honored to be sponsored by you Magic Spoon. Thank you.,magic_spoon
Magic Spoon this cereal you guys is so good. It has absolutely become a staple breakfast of mine. It has so much protein in it compared to any other kind of cereal or a lot of other breakfast options. It's gluten-free grain-free soy free and sugar-free so if any of that is important to you this is a fantastic option. And since I talked about them the last time I need to give you guys an update. Fruity is no longer my favorite flavor. It's frosted. Frosted literally tastes like marshmallows. I'm not even making that up. It's so good. And another update since I talked about Magic Spoon last they are now allowing you to build your own variety pack so you get to choose the flavors that go into the variety pack they send out to you. And they now have a peanut butter flavor and a cinnamon flavor in addition to cocoa blueberry frosted and fruity. And I haven't tried the cinnamon yet but I got my eyes on it. That's coming up next. If you're interested in trying Magic Spoon you can use the link down in my description and you can use the code FRUMPY which will get you five dollars off. Thanks Magic Spoon for sponsoring.,magic_spoon
I'm going to discuss all of that but before I dive into the magic of portal fantasy we have been blessed with a sponsor. This video is sponsored by Magic Spoon. So I am a big fan of the breakfast revolution that is Magic Spoon. They've sponsored the channel a few times now. I always love working with them because I love their breakfast cereal. It's the perfect option for me. I'm trying to eat gluten-free and eat less sugar and their cereal has just been the perfect breakfast option. However I am super excited to announce that they have a new treat: Magic Spoon Treats. These are just like the marshmallow treats you enjoyed as a kid but with only 1 gram of sugar and 1 to 2 net carbs. They're only 130 calories and they are packed with 11 grams of protein. These have similar nutrition to leading protein bars but they're delicious and fun. They're a really great pre- or post-workout fuel or just anytime snacking. These are the best high-quality high-protein way to satisfy your sweet tooth. You can click the link below to try Magic Spoon's new treats today and be sure to check out both delicious and high-protein flavors marshmallow and chocolatey peanut butter. Whether you like sticking to the classics or trying something new there's a flavor you'll love. And just like with their cereal Magic Spoon is so confident in their product that they're backed by a 100% happiness guarantee. So if you don't like it for any reason they'll refund your money no questions asked. So click the link below or scan the QR code on the screen and enter the code CAPTUREDINWORDS for $5 off or go to magicspoon.com/capturedinwords to save $5 on your order today. And don't forget to add the marshmallow and chocolatey peanut butter treats to your order. And for my fellow Canadians and my British fans Magic Spoon also ships to Canada and the UK. Big thank you to Magic Spoon for sponsoring.,magic_spoon
Magic Spoon so thank you so much Magic Spoon for sponsoring this video. Growing up I always loved cereal but the one thing about cereal is that a lot of times it's just not filling because it's usually all carbs and that's totally fine. But if you really want a high-protein cereal that you can eat a lot of and not get sugared out by really easily and stay fuller for longer then Magic Spoon cereal is seriously perfect. It has zero grams of sugar 14 grams of protein and only four net grams of carbs in each serving. There are four flavors which are cocoa fruity frosted and peanut butter and you can try them all in a variety pack. They're all keto-friendly gluten-free grain-free soy-free low-carb and GMO-free. Choosing my favorite flavor out of the four that I tried was actually so so hard because they were all amazingly good. But I had to go with the cocoa flavor. I love how it makes the milk all cocoa. Literally this is so addicting and so satisfying too. So if you are interested in Magic Spoon cereal then go to magicspoon.com/rachie to grab a variety pack and try it today and be sure to use my code RACHIE in all capital letters to get five dollars off your entire order. Magic Spoon is also so confident in their product that they have a 100% happiness guarantee so if for some reason you don't like their product then they will give you a full refund no questions asked. Once again you can go to magicspoon.com/rachie and thank you again to Magic Spoon for sponsoring this video.,magic_spoon
Ah today's video is brought to you by Magic Spoon. Regular viewers of this channel know that I love cereal. Who doesn't love cereal? It's not a controversial statement. But cereal sadly doesn't always love you back thanks to all those sugars and calories and all of that stuff that you're not supposed to eat as an adult. Anyway along comes Magic Spoon and they're like yo yo Simon check this out. What's the deal? Zero total sugars five grams of net carbs and 14 grams of protein. Basically they've taken cereal and made it healthy. And you'd think oh well that already exists. There are already healthy cereals out there. It's good for you but it tastes horrible allegedly. Now look I'm not a nutritional expert but I know that zero total sugars less carbs and more protein is generally good for you. Did I say that it tastes awesome at the same time? Oh yeah. Originally they had four flavors: cocoa fruity frosted and blueberry. Then they added a couple more which I thought blew the original ones out of the water. Not that the original ones weren't great but peanut butter and cinnamon were game changers. Now there's even more. I got some of them here. These are the peanut butter and cinnamon ones. This is a new one gingerbread. This is the one I was just eating honey nut. It's all fantastic stuff. Go to magicspoon.com/sideprojects grab a variety bundle and try it all out. Use my promo code SIDEPROJECTS and you get five dollars off. Magic Spoon has also got a 100% happiness guarantee so if you don't like it you get your money back. Perfect. And now today's video.,magic_spoon
But the great thing about Magic Spoon is there is zero grams of sugar in this which is obvious. It says it right there on the top. Zero grams of sugar three grams of net carbs and 11 grams of protein. Now my general dieting thing is like I just don't eat too much sugar. Simple. And you won't get too fat. Don't eat too many carbohydrates and you won't get too fat. And it's pretty good. And protein I know is the good one. Like I know I should focus on my diet a little bit more. Magic Spoon makes it easy because there's just no sugar and lots of protein. I know that's less of the bad thing and more of the good thing so I can become mega ripped. Not a guarantee obviously. Also you might be thinking well Simon that might be well and good. It contains zero grams of sugar and 11 grams of protein but it probably tastes terrible. And I'm like well good news for you. It actually tastes amazing. So good in fact that I've had that one open and I'm just constantly snacking on that. I know I should eat it like cereal and they probably even say that I should eat it like cereal but honestly I just spend most of my time snacking on it all day long. Next I'm gonna crack this cocoa one which I haven't even opened yet but I'm excited to. There are four flavors available. This one is cocoa. This one is fruity. The one I had earlier is frosted. And this one is blueberry. It's keto friendly obviously gluten free low carb and GMO free. Anyway click the link below or go to magicspoon.com slash blaze to grab a variety pack and get free shipping plus a 100% happiness guarantee. So if you don't like it you get your money back. But you will like it. It's zero sugar but it tastes awesome. And let's just get back into the video shall we. Thank you Magic Spoon for sponsoring.,magic_spoon
Ah today's video is brought to you by the wonderful people over at Magic Spoon. I love chocolate and it's banging. Magic Spoon brings the nostalgia from your childhood back to your adult life with their incredible cereals. Look when I was a kid I would eat bowls and bowls and bowls of delicious chocolatey cereal because I was a kid. You run around and you burn it off. But as an adult I sit at a desk all day and do not burn things off and I have to think about my health. And Magic Spoon is basically like Simon we've got you. We make cereal. Guys look at all these things. Four grams of net carbs which isn't much and 14 grams of protein so you can grow big strong muscles. Zero total sugars which is honestly brilliant because you don't need any of the extra stuff and it also tastes delicious. Isn't all healthy cereal like that unnamed brand that exists here where it's super healthy but also tastes like cardboard? It's awful stuff. Magic Spoon tastes amazing. This peanut butter is absolutely my favorite. They've got a variety pack which contains fruity frosted and cocoa and like I say my favorite is cracking. Plus they're dropping some limited edition fall flavors this September. Cocoa peanut butter and pumpkin spice which I don't have here because they didn't arrive on time because I guess I don't live in America for my sins. I want my pumpkin spice Magic Spoon hurry it up. So get your Magic Spoon variety pack today. Go to magicspoon.com/brainfood and use the code BRAINFOOD to get five dollars off your order.,magic_spoon
This video is sponsored by Magic Spoon cereal. Cereal you know it I know it you love it I love it he loves it she loves it they love it. It turns out that most cereals are sugary and terrible for you which means that if you eat enough of them you're going to die. I guess you're going to die no matter which cereal you choose but if you choose Magic Spoon cereal you'll die a healthier person. Is that a selling point? Magic Spoon is healthier than its competitors but it's still sweet enough to be eaten as a dessert. Each box contains zero grams of sugar between 13 and 14 grams of protein only four net grams of carbs in each serving and only 140 calories. It's keto-friendly gluten-free grain-free soy-free and low-carb. I'm not gonna pretend that I know what all of these things mean but I do know that the protein and the sugar amounts are pretty shocking for a cereal. Like how are you gonna have a frosted cereal without sugar? Really that's just the magic baby. Try Magic Spoon's best-selling flavors in a four-flavor variety pack featuring cocoa fruity frosted and peanut butter but whatever you do make sure you try the fruity. It tastes exactly like the fruity cereals of my youth but with zero sugar. No there's no sugar in there. It might sound impossible but when you think about it really nothing's impossible with Magic Spoon. Magic Spoon is so confident in their product it's backed with a 100% happiness guarantee so if you don't like it for whatever reason they will refund your money no questions asked. And you can use the promo code BRUTALMOOSE at checkout or go to magicspoon.com/brutalmoose for five dollars off any order. So no risk dude get the fruity. Get the fruity. So click the link below and use the code BRUTALMOOSE for five dollars off or go to magicspoon.com/brutalmoose to save five dollars today. Thanks so much Magic Spoon for sponsoring this video and for sending me so many boxes of the fruity and thank you for watching this video.,magic_spoon
This video is brought to you by Magic Spoon. Everybody loves it. I'll say that again just in case you couldn't hear me through my mouth full of Magic Spoon. Now everybody loves cereal. That shocks absolutely nobody. But the thing is it's not always great for you. It's been many years since I've eaten cereal because the reality is most cereal just has too much sugar that I just don't need in my life. I don't have the healthiest diet in the world but I generally stay in okay shape by just not eating tons of unnecessary sugar. Anyway along comes Magic Spoon and they're like Simon check out our cereal. It has no sugar and it only has three net grams of carbs and it's only 110 calories per serving. Now look honestly I don't know a ton about this stuff. I don't know much other than protein good carbs are good for energy but they're not necessarily good for remaining trim especially if you lead a sedentary lifestyle like myself sitting at a desk. But the zero sugar totally sold me. It also tastes amazing. This is the peanut butter flavor. This is a new flavor. They have cinnamon and peanut butter. Before they had those four flavors you know chocolate and fruity that I love. But when cinnamon came I was like this is gonna be it for me guys. Cinnamon is the one. But no cinnamon is great. Peanut butter is king. This is incredible. It's also keto friendly gluten-free low-carb GMO-free and all that good stuff. Now you can also go build yourself a personalized cereal box of custom flavors which is incredibly cool. Anyway click the link below or go to magicspoon.com forward slash brain food grab a variety pack and try it out. Also use my promo code brain food and you'll get free shipping. Further Magic Spoon has a 100 percent happiness guarantee so if you don't like it you get your money back. But you will like it. Get the peanut butter. It's wild. And let's get into the video.,magic_spoon